label,target,args,frames,behind,final,peak,peak_ms,flash_frames,flash_from_ms,flash_to_ms,shown_ms,covered_frames,events
"minimal+no-cloak~1","DarkStartupMinimal","--no-cloak",196,64,33,137,67,3,48,67,39,0,""
"minimal~1","DarkStartupMinimal","",200,64,33,33,120,0,,,120,0,""
"minimal+no-activate~1","DarkStartupMinimal","--no-activate",199,64,33,64,8,0,,,37,0,""
"software+cloak=complete+onactivate~1","FlashLab","software+cloak=complete+onactivate",199,64,33,64,11,0,,,98,0,"Main software+cloak=complete+onactivate@-478; Run@-107; SourceInitialized@-2; WM_SHOWWINDOW@-1; CloakedOnActivate@5; WM_ACTIVATE active@6; WM_NCPAINT@45; WM_ERASEBKGND@46; Loaded@49; WM_NCPAINT@53; WM_ERASEBKGND@53; ContentRendered@90; Foreground@90; CompleteRender@90; Uncloaked@91; WM_ACTIVATE inactive@1508"
"mica+cloak=complete+onactivate~1","FlashLab","mica+cloak=complete+onactivate",200,64,33,64,11,0,,,127,0,"Main mica+cloak=complete+onactivate@-596; Run@-226; SourceInitialized@-116; WM_SHOWWINDOW@-115; CloakedOnActivate@5; WM_ACTIVATE active@6; WM_NCPAINT@48; WM_ERASEBKGND@49; Loaded@52; WM_NCPAINT@56; WM_ERASEBKGND@56; ContentRendered@114; Foreground@114; CompleteRender@114; Uncloaked@114; WM_ACTIVATE inactive@1506"
"cloak=complete+onactivate+heavy~1","FlashLab","cloak=complete+onactivate+heavy",195,64,48,48,961,0,,,961,0,"Main cloak=complete+onactivate+heavy@-605; Run@-238; SourceInitialized@-102; WM_SHOWWINDOW@-101; CloakedOnActivate@5; WM_ACTIVATE active@6; WM_NCPAINT@51; WM_ERASEBKGND@52; Loaded@54; WM_NCPAINT@84; WM_ERASEBKGND@84; ContentRendered@114; Foreground@114; CompleteRender@951; Uncloaked@951; WM_ACTIVATE inactive@1510"
"minimal+no-cloak~2","DarkStartupMinimal","--no-cloak",199,64,33,127,57,2,50,57,30,0,""
"minimal~2","DarkStartupMinimal","",201,64,33,64,11,0,,,117,0,""
"minimal+no-activate~2","DarkStartupMinimal","--no-activate",198,64,33,64,14,0,,,31,0,""
"software+cloak=complete+onactivate~2","FlashLab","software+cloak=complete+onactivate",197,64,33,33,110,0,,,110,0,"Main software+cloak=complete+onactivate@-487; Run@-110; SourceInitialized@-4; WM_SHOWWINDOW@-2; CloakedOnActivate@5; WM_ACTIVATE active@6; WM_NCPAINT@46; WM_ERASEBKGND@47; Loaded@50; WM_NCPAINT@55; WM_ERASEBKGND@55; ContentRendered@104; Foreground@104; CompleteRender@104; Uncloaked@105; WM_ACTIVATE inactive@1506"
"mica+cloak=complete+onactivate~2","FlashLab","mica+cloak=complete+onactivate",199,64,33,64,10,0,,,123,0,"Main mica+cloak=complete+onactivate@-626; Run@-247; SourceInitialized@-130; WM_SHOWWINDOW@-129; CloakedOnActivate@5; WM_ACTIVATE active@6; WM_NCPAINT@47; WM_ERASEBKGND@47; Loaded@50; WM_NCPAINT@54; WM_ERASEBKGND@54; ContentRendered@110; Foreground@110; CompleteRender@110; Uncloaked@111; WM_ACTIVATE inactive@1504"
"cloak=complete+onactivate+heavy~2","FlashLab","cloak=complete+onactivate+heavy",199,64,48,64,964,0,,,968,0,"Main cloak=complete+onactivate+heavy@-602; Run@-232; SourceInitialized@-92; WM_SHOWWINDOW@-91; CloakedOnActivate@4; WM_ACTIVATE active@5; WM_NCPAINT@50; WM_ERASEBKGND@51; Loaded@54; WM_NCPAINT@78; WM_ERASEBKGND@79; ContentRendered@136; Foreground@136; CompleteRender@962; Uncloaked@962; WM_ACTIVATE inactive@1512"
"minimal+no-cloak~3","DarkStartupMinimal","--no-cloak",200,64,33,95,60,1,60,60,52,0,""
"minimal~3","DarkStartupMinimal","",197,64,33,64,10,0,,,123,0,""
"minimal+no-activate~3","DarkStartupMinimal","--no-activate",199,64,33,64,15,0,,,37,0,""
"software+cloak=complete+onactivate~3","FlashLab","software+cloak=complete+onactivate",197,64,33,33,100,0,,,100,0,"Main software+cloak=complete+onactivate@-485; Run@-116; SourceInitialized@-2; WM_SHOWWINDOW@-1; CloakedOnActivate@6; WM_ACTIVATE active@7; WM_NCPAINT@51; WM_ERASEBKGND@52; Loaded@54; WM_NCPAINT@58; WM_ERASEBKGND@58; ContentRendered@95; Foreground@95; CompleteRender@95; Uncloaked@95; WM_ACTIVATE inactive@1505"
"mica+cloak=complete+onactivate~3","FlashLab","mica+cloak=complete+onactivate",196,64,33,64,110,0,,,123,0,"Main mica+cloak=complete+onactivate@-662; Run@-261; SourceInitialized@-136; WM_SHOWWINDOW@-134; CloakedOnActivate@4; WM_ACTIVATE active@5; WM_NCPAINT@49; WM_ERASEBKGND@49; Loaded@52; WM_NCPAINT@56; WM_ERASEBKGND@57; ContentRendered@108; Foreground@108; CompleteRender@109; Uncloaked@109; WM_ACTIVATE inactive@1505"
"cloak=complete+onactivate+heavy~3","FlashLab","cloak=complete+onactivate+heavy",200,64,48,64,12,0,,,951,0,"Main cloak=complete+onactivate+heavy@-603; Run@-231; SourceInitialized@-107; WM_SHOWWINDOW@-106; CloakedOnActivate@4; WM_ACTIVATE active@5; WM_NCPAINT@47; WM_ERASEBKGND@48; Loaded@51; WM_NCPAINT@74; WM_ERASEBKGND@74; ContentRendered@109; Foreground@109; CompleteRender@941; Uncloaked@941; WM_ACTIVATE inactive@1511"
"minimal+no-cloak~4","DarkStartupMinimal","--no-cloak",196,64,33,143,65,4,36,65,36,0,""
"minimal~4","DarkStartupMinimal","",196,64,33,64,10,0,,,103,0,""
"minimal+no-activate~4","DarkStartupMinimal","--no-activate",197,64,33,64,10,0,,,34,0,""
"software+cloak=complete+onactivate~4","FlashLab","software+cloak=complete+onactivate",198,64,33,64,11,0,,,113,0,"Main software+cloak=complete+onactivate@-481; Run@-108; SourceInitialized@-2; WM_SHOWWINDOW@-0; CloakedOnActivate@5; WM_ACTIVATE active@6; WM_NCPAINT@55; WM_ERASEBKGND@56; Loaded@60; WM_NCPAINT@64; WM_ERASEBKGND@65; ContentRendered@107; Foreground@107; CompleteRender@107; Uncloaked@108; WM_ACTIVATE inactive@1504"
"mica+cloak=complete+onactivate~4","FlashLab","mica+cloak=complete+onactivate",200,64,33,64,117,0,,,122,0,"Main mica+cloak=complete+onactivate@-603; Run@-227; SourceInitialized@-115; WM_SHOWWINDOW@-114; CloakedOnActivate@5; WM_ACTIVATE active@6; WM_NCPAINT@55; WM_ERASEBKGND@56; Loaded@60; WM_NCPAINT@64; WM_ERASEBKGND@64; ContentRendered@114; Foreground@114; CompleteRender@114; Uncloaked@115; WM_ACTIVATE inactive@1505"
"cloak=complete+onactivate+heavy~4","FlashLab","cloak=complete+onactivate+heavy",196,64,48,64,952,0,,,956,0,"Main cloak=complete+onactivate+heavy@-608; Run@-225; SourceInitialized@-90; WM_SHOWWINDOW@-89; CloakedOnActivate@4; WM_ACTIVATE active@5; WM_NCPAINT@46; WM_ERASEBKGND@47; Loaded@51; WM_NCPAINT@77; WM_ERASEBKGND@77; ContentRendered@136; Foreground@136; CompleteRender@949; Uncloaked@949; WM_ACTIVATE inactive@1509"
"minimal+no-cloak~5","DarkStartupMinimal","--no-cloak",200,64,33,118,62,4,34,62,34,0,""
"minimal~5","DarkStartupMinimal","",200,64,33,64,106,0,,,111,0,""
"minimal+no-activate~5","DarkStartupMinimal","--no-activate",200,64,33,64,10,0,,,49,0,""
"software+cloak=complete+onactivate~5","FlashLab","software+cloak=complete+onactivate",200,64,33,64,11,0,,,114,0,"Main software+cloak=complete+onactivate@-491; Run@-109; SourceInitialized@-2; WM_SHOWWINDOW@-1; CloakedOnActivate@6; WM_ACTIVATE active@7; WM_NCPAINT@50; WM_ERASEBKGND@51; Loaded@53; WM_NCPAINT@57; WM_ERASEBKGND@57; ContentRendered@103; Foreground@103; CompleteRender@103; Uncloaked@103; WM_ACTIVATE inactive@1507"
"mica+cloak=complete+onactivate~5","FlashLab","mica+cloak=complete+onactivate",199,64,33,64,13,0,,,105,0,"Main mica+cloak=complete+onactivate@-603; Run@-226; SourceInitialized@-116; WM_SHOWWINDOW@-115; CloakedOnActivate@5; WM_ACTIVATE active@7; WM_NCPAINT@50; WM_ERASEBKGND@50; Loaded@54; WM_NCPAINT@59; WM_ERASEBKGND@59; ContentRendered@98; Foreground@98; CompleteRender@98; Uncloaked@99; WM_ACTIVATE inactive@1507"
"cloak=complete+onactivate+heavy~5","FlashLab","cloak=complete+onactivate+heavy",197,64,48,48,965,0,,,965,0,"Main cloak=complete+onactivate+heavy@-616; Run@-234; SourceInitialized@-105; WM_SHOWWINDOW@-104; CloakedOnActivate@4; WM_ACTIVATE active@5; WM_NCPAINT@50; WM_ERASEBKGND@51; Loaded@54; WM_NCPAINT@78; WM_ERASEBKGND@78; ContentRendered@115; Foreground@115; CompleteRender@955; Uncloaked@955; WM_ACTIVATE inactive@1511"
"minimal+no-cloak~6","DarkStartupMinimal","--no-cloak",199,64,33,127,60,3,42,60,42,0,""
"minimal~6","DarkStartupMinimal","",200,64,33,64,11,0,,,105,0,""
"minimal+no-activate~6","DarkStartupMinimal","--no-activate",196,64,33,64,8,0,,,28,0,""
"software+cloak=complete+onactivate~6","FlashLab","software+cloak=complete+onactivate",198,64,33,64,96,0,,,100,0,"Main software+cloak=complete+onactivate@-480; Run@-105; SourceInitialized@-1; WM_SHOWWINDOW@-0; CloakedOnActivate@4; WM_ACTIVATE active@5; WM_NCPAINT@50; WM_ERASEBKGND@51; Loaded@54; WM_NCPAINT@57; WM_ERASEBKGND@57; ContentRendered@89; Foreground@89; CompleteRender@90; Uncloaked@90; WM_ACTIVATE inactive@1506"
"mica+cloak=complete+onactivate~6","FlashLab","mica+cloak=complete+onactivate",200,64,33,64,12,0,,,121,0,"Main mica+cloak=complete+onactivate@-620; Run@-241; SourceInitialized@-119; WM_SHOWWINDOW@-118; CloakedOnActivate@6; WM_ACTIVATE active@7; WM_NCPAINT@54; WM_ERASEBKGND@55; Loaded@58; WM_NCPAINT@62; WM_ERASEBKGND@62; ContentRendered@113; Foreground@113; CompleteRender@114; Uncloaked@114; WM_ACTIVATE inactive@1506"
"cloak=complete+onactivate+heavy~6","FlashLab","cloak=complete+onactivate+heavy",197,64,48,64,950,0,,,954,0,"Main cloak=complete+onactivate+heavy@-597; Run@-228; SourceInitialized@-83; WM_SHOWWINDOW@-82; CloakedOnActivate@4; WM_ACTIVATE active@6; WM_NCPAINT@46; WM_ERASEBKGND@48; Loaded@52; WM_NCPAINT@78; WM_ERASEBKGND@78; ContentRendered@135; Foreground@135; CompleteRender@946; Uncloaked@946; WM_ACTIVATE inactive@1511"
"minimal+no-cloak~7","DarkStartupMinimal","--no-cloak",191,64,33,133,64,3,45,64,35,0,""
"minimal~7","DarkStartupMinimal","",199,64,33,64,11,0,,,125,0,""
"minimal+no-activate~7","DarkStartupMinimal","--no-activate",196,64,33,64,14,0,,,35,0,""
"software+cloak=complete+onactivate~7","FlashLab","software+cloak=complete+onactivate",201,64,33,64,12,0,,,112,0,"Main software+cloak=complete+onactivate@-491; Run@-111; SourceInitialized@-2; WM_SHOWWINDOW@-1; CloakedOnActivate@5; WM_ACTIVATE active@6; WM_NCPAINT@45; WM_ERASEBKGND@46; Loaded@48; WM_NCPAINT@52; WM_ERASEBKGND@52; ContentRendered@105; Foreground@105; CompleteRender@106; Uncloaked@106; WM_ACTIVATE inactive@1506"
"mica+cloak=complete+onactivate~7","FlashLab","mica+cloak=complete+onactivate",198,64,33,64,13,0,,,119,0,"Main mica+cloak=complete+onactivate@-628; Run@-237; SourceInitialized@-114; WM_SHOWWINDOW@-113; CloakedOnActivate@4; WM_ACTIVATE active@5; WM_NCPAINT@47; WM_ERASEBKGND@48; Loaded@52; WM_NCPAINT@56; WM_ERASEBKGND@56; ContentRendered@105; Foreground@105; CompleteRender@105; Uncloaked@106; WM_ACTIVATE inactive@1504"
"cloak=complete+onactivate+heavy~7","FlashLab","cloak=complete+onactivate+heavy",199,64,48,64,9,0,,,955,0,"Main cloak=complete+onactivate+heavy@-641; Run@-241; SourceInitialized@-114; WM_SHOWWINDOW@-113; CloakedOnActivate@5; WM_ACTIVATE active@6; WM_NCPAINT@51; WM_ERASEBKGND@52; Loaded@55; WM_NCPAINT@85; WM_ERASEBKGND@85; ContentRendered@137; Foreground@137; CompleteRender@944; Uncloaked@945; WM_ACTIVATE inactive@1513"
"minimal+no-cloak~8","DarkStartupMinimal","--no-cloak",201,64,33,134,64,4,43,64,43,0,""
"minimal~8","DarkStartupMinimal","",197,64,33,64,12,0,,,128,0,""
"minimal+no-activate~8","DarkStartupMinimal","--no-activate",199,64,33,64,8,0,,,52,0,""
"software+cloak=complete+onactivate~8","FlashLab","software+cloak=complete+onactivate",198,64,33,33,117,0,,,117,0,"Main software+cloak=complete+onactivate@-482; Run@-108; SourceInitialized@-1; WM_SHOWWINDOW@-1; CloakedOnActivate@6; WM_ACTIVATE active@6; WM_NCPAINT@48; WM_ERASEBKGND@48; Loaded@52; WM_NCPAINT@60; WM_ERASEBKGND@60; ContentRendered@104; Foreground@104; CompleteRender@105; Uncloaked@105; WM_ACTIVATE inactive@1505"
"mica+cloak=complete+onactivate~8","FlashLab","mica+cloak=complete+onactivate",198,64,33,33,100,0,,,100,0,"Main mica+cloak=complete+onactivate@-600; Run@-224; SourceInitialized@-116; WM_SHOWWINDOW@-115; CloakedOnActivate@4; WM_ACTIVATE active@5; WM_NCPAINT@47; WM_ERASEBKGND@48; Loaded@51; WM_NCPAINT@56; WM_ERASEBKGND@56; ContentRendered@91; Foreground@91; CompleteRender@91; Uncloaked@91; WM_ACTIVATE inactive@1505"
"cloak=complete+onactivate+heavy~8","FlashLab","cloak=complete+onactivate+heavy",197,64,48,64,939,0,,,956,0,"Main cloak=complete+onactivate+heavy@-598; Run@-223; SourceInitialized@-93; WM_SHOWWINDOW@-92; CloakedOnActivate@4; WM_ACTIVATE active@5; WM_NCPAINT@45; WM_ERASEBKGND@45; Loaded@48; WM_NCPAINT@72; WM_ERASEBKGND@73; ContentRendered@110; Foreground@110; CompleteRender@938; Uncloaked@938; WM_ACTIVATE inactive@1508"
"minimal+no-cloak~9","DarkStartupMinimal","--no-cloak",201,64,33,120,58,2,52,58,40,0,""
"minimal~9","DarkStartupMinimal","",200,64,33,64,12,0,,,116,0,""
"minimal+no-activate~9","DarkStartupMinimal","--no-activate",199,64,33,64,9,0,,,29,0,""
"software+cloak=complete+onactivate~9","FlashLab","software+cloak=complete+onactivate",199,64,33,64,12,0,,,117,0,"Main software+cloak=complete+onactivate@-486; Run@-116; SourceInitialized@-1; WM_SHOWWINDOW@-1; CloakedOnActivate@5; WM_ACTIVATE active@7; WM_NCPAINT@48; WM_ERASEBKGND@49; Loaded@53; WM_NCPAINT@57; WM_ERASEBKGND@57; ContentRendered@111; Foreground@111; CompleteRender@111; Uncloaked@112; WM_ACTIVATE inactive@1506"
"mica+cloak=complete+onactivate~9","FlashLab","mica+cloak=complete+onactivate",199,64,33,64,14,0,,,109,0,"Main mica+cloak=complete+onactivate@-626; Run@-240; SourceInitialized@-127; WM_SHOWWINDOW@-126; CloakedOnActivate@4; WM_ACTIVATE active@5; WM_NCPAINT@47; WM_ERASEBKGND@48; Loaded@52; WM_NCPAINT@55; WM_ERASEBKGND@55; ContentRendered@94; Foreground@94; CompleteRender@95; Uncloaked@95; WM_ACTIVATE inactive@1504"
"cloak=complete+onactivate+heavy~9","FlashLab","cloak=complete+onactivate+heavy",192,64,48,64,940,0,,,952,0,"Main cloak=complete+onactivate+heavy@-599; Run@-225; SourceInitialized@-109; WM_SHOWWINDOW@-108; CloakedOnActivate@4; WM_ACTIVATE active@5; WM_NCPAINT@47; WM_ERASEBKGND@47; Loaded@50; WM_NCPAINT@76; WM_ERASEBKGND@76; ContentRendered@133; Foreground@133; CompleteRender@938; Uncloaked@938; WM_ACTIVATE inactive@1510"
"minimal+no-cloak~10","DarkStartupMinimal","--no-cloak",197,64,33,127,60,3,41,60,41,0,""
"minimal~10","DarkStartupMinimal","",199,64,33,64,11,0,,,119,0,""
"minimal+no-activate~10","DarkStartupMinimal","--no-activate",199,64,33,64,8,0,,,38,0,""
"software+cloak=complete+onactivate~10","FlashLab","software+cloak=complete+onactivate",200,64,33,64,10,0,,,93,0,"Main software+cloak=complete+onactivate@-482; Run@-110; SourceInitialized@-1; WM_SHOWWINDOW@-0; CloakedOnActivate@4; WM_ACTIVATE active@5; WM_NCPAINT@46; WM_ERASEBKGND@47; Loaded@49; WM_NCPAINT@55; WM_ERASEBKGND@55; ContentRendered@87; Foreground@87; CompleteRender@87; Uncloaked@88; WM_ACTIVATE inactive@1504"
"mica+cloak=complete+onactivate~10","FlashLab","mica+cloak=complete+onactivate",200,64,33,64,103,0,,,114,0,"Main mica+cloak=complete+onactivate@-601; Run@-227; SourceInitialized@-121; WM_SHOWWINDOW@-120; CloakedOnActivate@5; WM_ACTIVATE active@5; WM_NCPAINT@47; WM_ERASEBKGND@47; Loaded@51; WM_NCPAINT@57; WM_ERASEBKGND@58; ContentRendered@102; Foreground@102; CompleteRender@102; Uncloaked@103; WM_ACTIVATE inactive@1505"
"cloak=complete+onactivate+heavy~10","FlashLab","cloak=complete+onactivate+heavy",198,64,48,64,12,0,,,972,0,"Main cloak=complete+onactivate+heavy@-630; Run@-246; SourceInitialized@-112; WM_SHOWWINDOW@-111; CloakedOnActivate@4; WM_ACTIVATE active@5; WM_NCPAINT@46; WM_ERASEBKGND@47; Loaded@50; WM_NCPAINT@75; WM_ERASEBKGND@75; ContentRendered@132; Foreground@132; CompleteRender@958; Uncloaked@958; WM_ACTIVATE inactive@1509"
