"mode","runs","covered_runs","flash_runs","dark_flash_runs","never_shown","median_shown_ms","max_peak","min_darkest","behind"
"winui","6","0","0","6","0","39.5","67","0","64"
"winui+noactivate","6","0","0","6","0","29.5","64","2","64"
"winui+nofade","6","0","5","6","0","18.5","255","0","64"
"winui+fix","6","0","0","0","0","135.5","64","33","64"
"winui+fix+noactivate","6","0","0","0","0","130.5","64","33","64"
"winui+light","6","0","1","0","0","38","252","64","64"
"winui+light+nofade","6","0","6","0","0","20","255","64","64"
"winui+light+fix","6","0","0","0","0","133","242","64","64"
"winui+systheme","6","0","0","0","0","44.5","249","64","64"
"winui+systheme+fix","6","0","0","0","0","124","242","64","64"
"minimal+no-cloak","6","0","6","0","0","32","209","33","64"
"minimal","6","0","0","0","0","103","64","33","64"
