"batch","label","mode","frames","behind","final","peak","flash_frames","shown_ms","content_rendered_ms","revealed_ms"
"baseline","base1","minimal-no-cloak","281","28","32","78","3","28","",""
"cf","cf","cloak=frames","343","29","32","32","0","116","82","110"
"final","fixed-1","minimal","286","28","32","32","0","79","",""
"final","fixed-10","minimal","284","28","32","32","0","78","",""
"final","fixed-11","minimal","287","28","32","32","0","81","",""
"final","fixed-12","minimal","285","28","32","32","0","91","",""
"final","fixed-2","minimal","284","28","32","32","0","94","",""
"final","fixed-3","minimal","286","28","32","32","0","78","",""
"final","fixed-4","minimal","288","28","32","32","0","96","",""
"final","fixed-5","minimal","287","28","32","32","0","72","",""
"final","fixed-6","minimal","288","28","32","32","0","90","",""
"final","fixed-7","minimal","286","28","32","32","0","82","",""
"final","fixed-8","minimal","284","28","32","32","0","73","",""
"final","fixed-9","minimal","286","28","32","32","0","89","",""
"final","nocloak-1","minimal-no-cloak","281","28","32","124","4","33","",""
"final","nocloak-2","minimal-no-cloak","281","28","32","109","4","17","",""
"final","nocloak-3","minimal-no-cloak","280","28","32","34","0","42","",""
"final","nocloak-4","minimal-no-cloak","274","28","32","112","4","18","",""
"final","nocloak-5","minimal-no-cloak","283","28","32","38","0","45","",""
"final-img","fixed","minimal","168","29","32","32","0","88","",""
"lab1","baseline-1","baseline","253","27","32","36","0","33","56",""
"lab1","baseline-2","baseline","252","27","32","109","4","28","64",""
"lab1","baseline-3","baseline","256","27","32","95","2","33","83",""
"lab1","cloak-1","cloak=cr","264","31","32","32","0","101","92","94"
"lab1","cloak-2","cloak=cr","261","31","32","32","0","96","86","89"
"lab1","cloak-3","cloak=cr","261","31","32","32","0","97","91","93"
"lab1","cloak-frames-1","cloak=frames","261","31","32","32","0","130","76","121"
"lab1","cloak-frames-2","cloak=frames","262","31","31","31","0","","28","69"
"lab1","cloak-frames-3","cloak=frames","261","31","31","31","0","","34","63"
"lab1","erase-1","erase","261","31","32","88","3","34","92",""
"lab1","erase-2","erase","258","31","32","88","3","35","54",""
"lab1","erase-3","erase","257","31","32","114","3","19","76",""
"lab1","nofade-1","nofade","266","31","32","255","10","5","85",""
"lab1","nofade-2","nofade","266","31","32","255","11","6","84",""
"lab1","nofade-3","nofade","265","31","32","255","9","7","84",""
"lab1","plain-1","plain","254","27","32","98","3","29","99",""
"lab1","plain-2","plain","259","27","32","119","4","20","57",""
"lab1","plain-3","plain","258","27","32","120","3","20","54",""
"lab1","software-1","software","254","27","32","121","4","20","97",""
"lab1","software-2","software","256","27","32","119","4","30","87",""
"lab1","software-3","software","258","27","32","118","3","20","85",""
"lab10","forcefast-1","forcefast","341","31","32","92","3","24","98",""
"lab10","forcefast-2","forcefast","341","31","32","114","3","17","80",""
"lab10","forcefast-3","forcefast","337","31","32","95","3","30","92",""
"lab10","forcefast-4","forcefast","341","31","32","102","4","20","84",""
"lab10","forcefast+cloak=late-1","forcefast+cloak=late","346","31","32","32","0","393","76","388"
"lab10","forcefast+cloak=late-2","forcefast+cloak=late","346","31","32","32","0","384","66","378"
"lab10","forcefast+cloak=late-3","forcefast+cloak=late","344","31","32","32","0","409","95","400"
"lab10","forcefast+cloak=late-4","forcefast+cloak=late","345","31","31","31","0","","45","352"
"lab11","cloak=cr+rgn-1","cloak=cr+rgn","316","29","32","255","1","77","66","76"
"lab11","cloak=cr+rgn-2","cloak=cr+rgn","319","29","32","255","1","87","79","87"
"lab11","cloak=cr+rgn-3","cloak=cr+rgn","316","29","32","255","1","76","68","77"
"lab11","cloak=cr+rgn-4","cloak=cr+rgn","315","29","32","32","0","79","71","78"
"lab11","cloak=frames+rgn-1","cloak=frames+rgn","316","29","29","29","0","","38","74"
"lab11","cloak=frames+rgn-2","cloak=frames+rgn","315","29","29","29","0","","38","69"
"lab11","cloak=frames+rgn-3","cloak=frames+rgn","314","29","29","29","0","","35","78"
"lab11","cloak=frames+rgn-4","cloak=frames+rgn","311","29","29","29","0","","40","80"
"lab11","cloak=late+rgn-1","cloak=late+rgn","313","29","32","255","2","396","76","401"
"lab11","cloak=late+rgn-2","cloak=late+rgn","316","29","32","32","0","397","80","396"
"lab11","cloak=late+rgn-3","cloak=late+rgn","316","29","32","32","0","418","91","415"
"lab11","cloak=late+rgn-4","cloak=late+rgn","316","29","32","32","0","401","84","397"
"lab12","cloak=frames-1","cloak=frames","318","30","32","32","0","118","79","111"
"lab12","cloak=frames-2","cloak=frames","317","30","32","32","0","109","73","105"
"lab12","cloak=frames-3","cloak=frames","316","30","32","32","0","117","81","112"
"lab12","cloak=frames-4","cloak=frames","317","30","32","32","0","114","79","110"
"lab12","cloak=frames-5","cloak=frames","316","30","32","32","0","111","71","102"
"lab12","cloak=frames+framechanged-1","cloak=frames+framechanged","316","30","30","30","0","","35","56"
"lab12","cloak=frames+framechanged-2","cloak=frames+framechanged","316","30","30","30","0","","30","50"
"lab12","cloak=frames+framechanged-3","cloak=frames+framechanged","314","30","30","30","0","","38","66"
"lab12","cloak=frames+framechanged-4","cloak=frames+framechanged","314","30","30","30","0","","39","77"
"lab12","cloak=frames+framechanged-5","cloak=frames+framechanged","313","30","30","30","0","","30","59"
"lab12","cloak=frames+rm-1","cloak=frames+rm","315","30","32","32","0","119","83","114"
"lab12","cloak=frames+rm-2","cloak=frames+rm","314","30","32","32","0","102","61","92"
"lab12","cloak=frames+rm-3","cloak=frames+rm","317","30","32","32","0","112","71","102"
"lab12","cloak=frames+rm-4","cloak=frames+rm","317","30","30","30","0","","33","70"
"lab12","cloak=frames+rm-5","cloak=frames+rm","314","30","30","30","0","","31","61"
"lab13","stuck-1","cloak=frames+inval","284","30","32","32","0","114","85","110"
"lab13","stuck-2","cloak=frames+inval","288","30","32","32","0","127","91","122"
"lab13","stuck-3","cloak=frames+inval","289","30","32","32","0","117","77","113"
"lab13","stuck-4","cloak=frames+inval","284","30","32","32","0","104","68","101"
"lab14","try-1","cloak=frames+inval","285","30","32","32","0","104","67","99"
"lab14","try-10","cloak=frames+inval","287","30","32","32","0","124","83","118"
"lab14","try-11","cloak=frames+inval","280","30","32","32","0","127","87","120"
"lab14","try-12","cloak=frames+inval","284","30","32","32","0","116","78","108"
"lab14","try-13","cloak=frames+inval","287","30","32","32","0","114","73","107"
"lab14","try-14","cloak=frames+inval","284","30","32","32","0","116","80","111"
"lab14","try-15","cloak=frames+inval","285","30","32","32","0","120","93","116"
"lab14","try-16","cloak=frames+inval","285","30","32","32","0","119","81","111"
"lab14","try-2","cloak=frames+inval","286","30","32","32","0","120","84","115"
"lab14","try-3","cloak=frames+inval","286","30","32","32","0","110","75","104"
"lab14","try-4","cloak=frames+inval","284","30","32","32","0","126","89","117"
"lab14","try-5","cloak=frames+inval","287","30","32","32","0","110","71","103"
"lab14","try-6","cloak=frames+inval","285","30","32","32","0","113","75","107"
"lab14","try-7","cloak=frames+inval","286","30","32","32","0","128","97","118"
"lab14","try-8","cloak=frames+inval","287","30","32","32","0","84","46","81"
"lab14","try-9","cloak=frames+inval","286","30","32","32","0","114","76","108"
"lab15","cr-1","cloak=cr","284","30","32","32","0","98","90","90"
"lab15","cr-10","cloak=cr","286","30","32","32","0","84","78","78"
"lab15","cr-11","cloak=cr","288","30","32","32","0","87","79","79"
"lab15","cr-12","cloak=cr","285","30","32","32","0","76","70","70"
"lab15","cr-13","cloak=cr","286","30","32","32","0","83","78","78"
"lab15","cr-14","cloak=cr","287","30","32","32","0","97","88","88"
"lab15","cr-15","cloak=cr","284","30","32","32","0","85","75","75"
"lab15","cr-16","cloak=cr","290","30","32","32","0","94","86","87"
"lab15","cr-17","cloak=cr","284","30","32","32","0","84","77","78"
"lab15","cr-18","cloak=cr","285","30","32","32","0","97","87","87"
"lab15","cr-19","cloak=cr","288","30","32","32","0","102","94","95"
"lab15","cr-2","cloak=cr","285","30","32","32","0","92","84","84"
"lab15","cr-20","cloak=cr","287","30","32","32","0","77","72","73"
"lab15","cr-3","cloak=cr","286","30","32","32","0","84","77","78"
"lab15","cr-4","cloak=cr","288","30","32","32","0","81","76","77"
"lab15","cr-5","cloak=cr","287","30","32","32","0","82","75","76"
"lab15","cr-6","cloak=cr","288","30","32","32","0","92","86","86"
"lab15","cr-7","cloak=cr","288","30","32","32","0","78","72","73"
"lab15","cr-8","cloak=cr","286","30","32","32","0","84","75","76"
"lab15","cr-9","cloak=cr","286","30","32","32","0","98","92","92"
"lab16","cloak_cr_onshow-1","cloak=cr+onshow","286","30","32","88","3","15","90","91"
"lab16","cloak_cr_onshow-10","cloak=cr+onshow","287","30","32","33","0","22","82","82"
"lab16","cloak_cr_onshow-2","cloak=cr+onshow","288","30","32","80","1","19","91","92"
"lab16","cloak_cr_onshow-3","cloak=cr+onshow","286","30","32","42","2","22","70","71"
"lab16","cloak_cr_onshow-4","cloak=cr+onshow","285","30","32","75","1","20","82","82"
"lab16","cloak_cr_onshow-5","cloak=cr+onshow","289","30","32","74","1","18","79","80"
"lab16","cloak_cr_onshow-6","cloak=cr+onshow","285","30","32","82","1","20","93","94"
"lab16","cloak_cr_onshow-7","cloak=cr+onshow","289","30","32","32","0","86","81","81"
"lab16","cloak_cr_onshow-8","cloak=cr+onshow","290","30","32","69","2","16","92","93"
"lab16","cloak_cr_onshow-9","cloak=cr+onshow","283","30","32","76","3","14","94","95"
"lab16","cloak_cr-1","cloak=cr","285","30","32","32","0","69","64","64"
"lab16","cloak_cr-10","cloak=cr","285","30","32","32","0","84","79","79"
"lab16","cloak_cr-2","cloak=cr","283","30","32","32","0","58","51","52"
"lab16","cloak_cr-3","cloak=cr","286","30","32","32","0","80","76","77"
"lab16","cloak_cr-4","cloak=cr","285","30","32","32","0","77","67","68"
"lab16","cloak_cr-5","cloak=cr","287","30","32","32","0","91","85","86"
"lab16","cloak_cr-6","cloak=cr","285","30","32","32","0","83","74","74"
"lab16","cloak_cr-7","cloak=cr","285","30","32","32","0","52","46","47"
"lab16","cloak_cr-8","cloak=cr","286","30","32","32","0","80","68","69"
"lab16","cloak_cr-9","cloak=cr","284","30","32","32","0","74","68","69"
"lab16","cloak_frames-1","cloak=frames","285","30","32","32","0","116","75","111"
"lab16","cloak_frames-10","cloak=frames","287","30","32","32","0","110","71","103"
"lab16","cloak_frames-2","cloak=frames","287","30","32","32","0","115","75","106"
"lab16","cloak_frames-3","cloak=frames","286","30","32","32","0","115","68","109"
"lab16","cloak_frames-4","cloak=frames","283","30","32","32","0","115","73","105"
"lab16","cloak_frames-5","cloak=frames","285","30","32","32","0","122","85","116"
"lab16","cloak_frames-6","cloak=frames","287","30","32","32","0","104","65","98"
"lab16","cloak_frames-7","cloak=frames","285","30","32","32","0","123","83","114"
"lab16","cloak_frames-8","cloak=frames","288","30","32","32","0","115","84","109"
"lab16","cloak_frames-9","cloak=frames","285","30","32","32","0","110","62","105"
"lab17","delayrender+cloak=cr-1","delayrender+cloak=cr","317","30","32","32","0","420","414","415"
"lab17","delayrender+cloak=cr-2","delayrender+cloak=cr","316","30","32","32","0","402","397","397"
"lab17","delayrender+cloak=cr-3","delayrender+cloak=cr","313","30","32","32","0","397","387","388"
"lab17","delayrender+cloak=late-1","delayrender+cloak=late","315","30","32","32","0","712","389","703"
"lab17","delayrender+cloak=late-2","delayrender+cloak=late","315","30","32","32","0","725","405","717"
"lab17","delayrender+cloak=late-3","delayrender+cloak=late","316","30","32","32","0","676","353","670"
"lab18","cloak_cr-1","cloak=cr","286","28","32","32","0","77","70","70"
"lab18","cloak_cr-10","cloak=cr","287","28","32","32","0","78","73","74"
"lab18","cloak_cr-2","cloak=cr","287","28","32","32","0","99","91","92"
"lab18","cloak_cr-3","cloak=cr","286","28","32","32","0","80","74","75"
"lab18","cloak_cr-4","cloak=cr","285","28","32","32","0","98","91","91"
"lab18","cloak_cr-5","cloak=cr","286","28","32","32","0","91","83","83"
"lab18","cloak_cr-6","cloak=cr","287","28","32","32","0","79","74","74"
"lab18","cloak_cr-7","cloak=cr","287","28","32","32","0","84","80","81"
"lab18","cloak_cr-8","cloak=cr","286","28","32","32","0","94","90","91"
"lab18","cloak_cr-9","cloak=cr","286","28","32","32","0","87","81","82"
"lab18","cloak_opdone-1","cloak=opdone","286","28","32","32","0","60","100","55"
"lab18","cloak_opdone-10","cloak=opdone","285","28","32","32","0","44","64","39"
"lab18","cloak_opdone-2","cloak=opdone","284","28","32","32","0","50","75","45"
"lab18","cloak_opdone-3","cloak=opdone","286","28","32","32","0","50","71","42"
"lab18","cloak_opdone-4","cloak=opdone","286","28","32","32","0","51","93","46"
"lab18","cloak_opdone-5","cloak=opdone","285","28","32","32","0","56","75","47"
"lab18","cloak_opdone-6","cloak=opdone","287","28","32","32","0","54","75","46"
"lab18","cloak_opdone-7","cloak=opdone","287","28","32","32","0","45","77","40"
"lab18","cloak_opdone-8","cloak=opdone","288","28","32","32","0","45","71","39"
"lab18","cloak_opdone-9","cloak=opdone","286","28","32","255","1","51","92","44"
"lab18","cloak_tick-1","cloak=tick","286","28","32","255","2","40","78","34"
"lab18","cloak_tick-10","cloak=tick","286","28","32","255","1","42","74","33"
"lab18","cloak_tick-2","cloak=tick","286","28","32","255","1","45","81","37"
"lab18","cloak_tick-3","cloak=tick","283","28","32","255","1","44","82","34"
"lab18","cloak_tick-4","cloak=tick","285","28","32","255","3","37","75","33"
"lab18","cloak_tick-5","cloak=tick","288","28","32","255","2","40","86","34"
"lab18","cloak_tick-6","cloak=tick","287","28","32","255","1","42","67","36"
"lab18","cloak_tick-7","cloak=tick","286","28","32","255","1","44","74","35"
"lab18","cloak_tick-8","cloak=tick","286","28","32","255","1","39","78","31"
"lab18","cloak_tick-9","cloak=tick","286","28","32","255","1","40","88","34"
"lab19","software+cloak=cr-1","software+cloak=cr","259","28","32","32","0","81","73","74"
"lab19","software+cloak=cr-2","software+cloak=cr","261","28","32","32","0","74","69","70"
"lab19","software+cloak=cr-3","software+cloak=cr","262","28","32","32","0","85","79","80"
"lab19","software+cloak=cr-4","software+cloak=cr","264","28","32","32","0","89","82","82"
"lab19","software+cloak=cr-5","software+cloak=cr","263","28","32","32","0","82","77","77"
"lab2","cloak-late-1","cloak=late","259","30","32","32","0","393","77","389"
"lab2","cloak-late-2","cloak=late","261","30","32","32","0","392","76","386"
"lab2","cloak-late-3","cloak=late","263","30","32","32","0","394","77","387"
"lab2","cloak-late-inval-1","cloak=late+inval","263","30","32","32","0","420","91","415"
"lab2","cloak-late-inval-2","cloak=late+inval","263","30","32","32","0","407","79","403"
"lab2","cloak-late-inval-3","cloak=late+inval","261","30","32","32","0","400","87","397"
"lab2","cloak-loaded-1","cloak=loaded","262","30","32","255","1","40","81","32"
"lab2","cloak-loaded-2","cloak=loaded","258","30","32","255","1","34","77","28"
"lab2","cloak-loaded-3","cloak=loaded","263","30","32","255","2","34","70","28"
"lab20","reshow-1","reshow","428","29","32","109","5","19","92",""
"lab20","reshow-2","reshow","424","29","32","126","5","19","95",""
"lab20","reshow-3","reshow","423","29","32","97","3","32","103",""
"lab20","reshow+cloak=cr-1","reshow+cloak=cr","431","29","32","32","0","90","84","85"
"lab20","reshow+cloak=cr-2","reshow+cloak=cr","428","29","32","32","0","91","84","85"
"lab20","reshow+cloak=cr-3","reshow+cloak=cr","428","29","32","32","0","84","78","79"
"lab3","cloak-frames-1","cloak=frames","260","31","32","32","0","113","75","106"
"lab3","cloak-frames-2","cloak=frames","259","31","32","32","0","97","59","89"
"lab3","cloak-frames-3","cloak=frames","259","31","32","32","0","116","78","109"
"lab3","cloak-frames-4","cloak=frames","259","31","32","32","0","120","88","115"
"lab3","cloak-frames-5","cloak=frames","260","31","32","32","0","101","68","97"
"lab4","cloak-1","cloak=cr","261","31","32","32","0","82","72","74"
"lab4","cloak-2","cloak=cr","263","31","32","32","0","99","91","93"
"lab4","cloak-3","cloak=cr","263","31","32","32","0","86","74","76"
"lab4","cloak-4","cloak=cr","262","31","32","32","0","84","76","78"
"lab4","cloak-5","cloak=cr","262","31","32","32","0","93","86","88"
"lab4","cloak-6","cloak=cr","263","31","32","32","0","78","71","73"
"lab4","cloak-7","cloak=cr","260","31","32","32","0","86","79","81"
"lab4","cloak-8","cloak=cr","261","31","32","32","0","84","78","80"
"lab4","cloak-frames-1","cloak=frames","259","31","32","32","0","114","76","108"
"lab4","cloak-frames-2","cloak=frames","261","31","32","32","0","111","77","107"
"lab4","cloak-frames-3","cloak=frames","258","31","31","31","0","","39","76"
"lab4","cloak-frames-4","cloak=frames","257","31","31","31","0","","33","60"
"lab4","cloak-frames-5","cloak=frames","260","31","31","31","0","","28","68"
"lab4","cloak-frames-6","cloak=frames","261","31","31","31","0","","33","69"
"lab4","cloak-frames-7","cloak=frames","261","31","31","31","0","","36","70"
"lab4","cloak-frames-8","cloak=frames","262","31","31","31","0","","38","70"
"lab5","cloak=frames-post-1","cloak=frames-post","261","29","32","32","0","142","84","130"
"lab5","cloak=frames-post-2","cloak=frames-post","261","29","32","32","0","132","76","125"
"lab5","cloak=frames-post-3","cloak=frames-post","263","29","32","32","0","135","82","127"
"lab5","cloak=frames-post-4","cloak=frames-post","261","29","32","32","0","117","68","114"
"lab5","cloak=frames-post-5","cloak=frames-post","263","29","29","29","0","","36","81"
"lab5","cloak=frames-post-6","cloak=frames-post","263","29","29","29","0","","36","91"
"lab5","cloak=frames+inval-1","cloak=frames+inval","262","29","32","32","0","120","81","110"
"lab5","cloak=frames+inval-2","cloak=frames+inval","258","29","32","32","0","128","78","115"
"lab5","cloak=frames+inval-3","cloak=frames+inval","260","29","32","32","0","120","83","114"
"lab5","cloak=frames+inval-4","cloak=frames+inval","262","29","32","32","0","113","86","108"
"lab5","cloak=frames+inval-5","cloak=frames+inval","262","29","32","32","0","114","73","109"
"lab5","cloak=frames+inval-6","cloak=frames+inval","263","29","32","32","0","115","73","110"
"lab5","cloak=frames+nofade-1","cloak=frames+nofade","261","29","29","29","0","","35","66"
"lab5","cloak=frames+nofade-2","cloak=frames+nofade","261","29","29","29","0","","28","53"
"lab5","cloak=frames+nofade-3","cloak=frames+nofade","260","29","29","29","0","","36","57"
"lab5","cloak=frames+nofade-4","cloak=frames+nofade","262","29","29","29","0","","36","62"
"lab5","cloak=frames+nofade-5","cloak=frames+nofade","261","29","29","29","0","","35","68"
"lab5","cloak=frames+nofade-6","cloak=frames+nofade","263","29","29","29","0","","31","66"
"lab6","baseline+heavy-1","heavy","252","29","48","255","187","23","96",""
"lab6","baseline+heavy-2","heavy","249","29","48","255","190","18","110",""
"lab6","baseline+heavy-3","heavy","260","29","48","255","185","47","98",""
"lab6","cloak=cr+heavy-1","cloak=cr+heavy","261","29","48","255","179","107","102","102"
"lab6","cloak=cr+heavy-2","cloak=cr+heavy","260","29","48","255","178","105","100","100"
"lab6","cloak=cr+heavy-3","cloak=cr+heavy","261","29","48","255","178","99","94","94"
"lab6","cloak=cr+inval+heavy-1","cloak=cr+inval+heavy","261","29","48","255","180","100","95","95"
"lab6","cloak=cr+inval+heavy-2","cloak=cr+inval+heavy","257","29","48","255","175","110","104","104"
"lab6","cloak=cr+inval+heavy-3","cloak=cr+inval+heavy","259","29","48","255","175","104","99","99"
"lab6","cloak=frames+inval+heavy-1","cloak=frames+inval+heavy","262","29","48","255","182","126","100","123"
"lab6","cloak=frames+inval+heavy-2","cloak=frames+inval+heavy","258","29","29","29","0","","50","85"
"lab6","cloak=frames+inval+heavy-3","cloak=frames+inval+heavy","259","29","29","29","0","","55","84"
"lab7","cloak=complete-1","cloak=complete","264","28","32","32","0","96","86","88"
"lab7","cloak=complete-2","cloak=complete","260","28","32","32","0","78","72","73"
"lab7","cloak=complete-3","cloak=complete","261","28","32","32","0","90","81","82"
"lab7","cloak=complete-4","cloak=complete","261","28","32","32","0","80","76","77"
"lab7","cloak=complete+heavy-1","cloak=complete+heavy","254","28","28","28","0","","62","922"
"lab7","cloak=complete+heavy-2","cloak=complete+heavy","261","28","28","28","0","","56","916"
"lab7","cloak=complete+heavy-3","cloak=complete+heavy","258","28","28","28","0","","56","904"
"lab7","cloak=complete+heavy-4","cloak=complete+heavy","260","28","28","28","0","","50","904"
"lab7","cloak=complete+inval-1","cloak=complete+inval","262","28","32","32","0","65","57","58"
"lab7","cloak=complete+inval-2","cloak=complete+inval","262","28","32","32","0","93","88","89"
"lab7","cloak=complete+inval-3","cloak=complete+inval","260","28","28","28","0","","35","38"
"lab7","cloak=complete+inval-4","cloak=complete+inval","261","28","28","28","0","","34","38"
"lab7","cloak=complete+inval+heavy-1","cloak=complete+inval+heavy","261","28","28","28","0","","54","913"
"lab7","cloak=complete+inval+heavy-2","cloak=complete+inval+heavy","262","28","28","28","0","","56","910"
"lab7","cloak=complete+inval+heavy-3","cloak=complete+inval+heavy","262","28","28","28","0","","53","913"
"lab7","cloak=complete+inval+heavy-4","cloak=complete+inval+heavy","261","28","28","28","0","","57","919"
"lab7","cloak=erase+erase-1","cloak=erase+erase","258","28","32","32","0","38","89","31"
"lab7","cloak=erase+erase-2","cloak=erase+erase","263","28","32","32","0","35","71","27"
"lab7","cloak=erase+erase-3","cloak=erase+erase","262","28","32","255","1","42","66","32"
"lab7","cloak=erase+erase-4","cloak=erase+erase","261","28","32","255","1","41","90","32"
"lab8","cloak=complete+heavy-1","cloak=complete+heavy","373","29","48","48","0","911","90","904"
"lab8","cloak=complete+heavy-2","cloak=complete+heavy","374","29","48","48","0","910","89","901"
"lab8","cloak=complete+inval-1","cloak=complete+inval","376","29","32","32","0","95","91","91"
"lab8","cloak=complete+inval-2","cloak=complete+inval","375","29","32","32","0","93","85","86"
"lab8","cloak=complete+inval+heavy-1","cloak=complete+inval+heavy","378","29","48","48","0","893","96","887"
"lab8","cloak=complete+inval+heavy-2","cloak=complete+inval+heavy","372","29","48","48","0","910","88","902"
"lab9","sync-1","sync","310","31","32","102","3","20","86",""
"lab9","sync-2","sync","311","31","32","43","1","43","86",""
"lab9","sync-3","sync","301","31","32","116","3","19","92",""
"lab9","sync-4","sync","312","31","32","105","3","33","80",""
"lab9","sync+cloak=cr-1","sync+cloak=cr","317","31","32","32","0","103","96","96"
"lab9","sync+cloak=cr-2","sync+cloak=cr","318","31","32","32","0","75","70","71"
"lab9","sync+cloak=cr-3","sync+cloak=cr","318","31","32","32","0","93","86","86"
"lab9","sync+cloak=cr-4","sync+cloak=cr","316","31","32","32","0","101","94","94"
