"mode","runs","flash_runs","never_shown","median_shown_ms","max_peak","behind"
"minimal+no-cloak","6","6","0","34","183","64"
"minimal","6","1","0","99.5","255","64"
"minimal+no-activate+no-cloak","6","0","0","28.5","64","64"
"minimal+no-activate","6","0","0","29","64","64"
"plain","6","6","0","35.5","182","64"
"mica","6","5","0","36.5","161","64"
"software","6","6","0","32","144","64"
"nofade","6","6","0","12.5","255","64"
"erase","6","6","0","34","134","64"
"sync","6","5","0","30.5","153","64"
"noime","6","6","0","31.5","118","64"
"cloak=loaded","6","6","0","60","255","64"
"cloak=erase+erase","6","3","0","51.5","255","64"
"cloak=tick","6","5","0","57","255","64"
"cloak=opdone","6","0","0","67","64","64"
"cloak=cr+onshow","6","5","1","33","121","64"
"cloak=cr+rgn","6","4","0","109","255","64"
"cloak=cr","6","0","0","112","64","64"
"noactivate+cloak=cr","6","1","0","17.5","255","64"
"noactivate+cloak=active","6","4","0","14","255","64"
"noactivate+cloak=showpos","6","4","0","13","255","64"
"software+cloak=cr+onactivate","6","0","0","113.5","64","64"
"mica+cloak=cr+onactivate","6","0","0","102","64","64"
"cloak=frames","6","0","0","135","64","64"
"cloak=complete+inval","6","0","0","105.5","64","64"
"cloak=late","6","0","0","418","64","64"
"heavy","6","6","0","35","255","64"
"cloak=cr+onactivate+heavy","6","6","0","130","255","64"
"reshow","6","5","0","28","162","64"
