label,target,args,frames,behind,final,peak,peak_ms,flash_frames,flash_from_ms,flash_to_ms,shown_ms,events
"minimal+no-cloak~1","DarkStartupMinimal","--no-cloak",276,64,33,183,85,7,45,85,38,""
"minimal~1","DarkStartupMinimal","",284,64,33,64,14,0,,,96,""
"minimal+no-activate+no-cloak~1","DarkStartupMinimal","--no-activate --no-cloak",273,64,33,64,9,0,,,26,""
"minimal+no-activate~1","DarkStartupMinimal","--no-activate",282,64,33,64,7,0,,,23,""
"plain~1","FlashLab","plain",278,64,33,150,67,4,43,67,32,"Main plain@-517; Run@-189; SourceInitialized@-106; WM_SHOWWINDOW@-105; WM_ACTIVATE active@5; WM_NCPAINT@49; WM_ERASEBKGND@50; Loaded@53; WM_NCPAINT@57; WM_ERASEBKGND@57; ContentRendered@108; Foreground@108; WM_ACTIVATE inactive@1507"
"mica~1","FlashLab","mica",278,64,33,125,53,3,44,60,30,"Main mica@-550; Run@-220; SourceInitialized@-122; WM_SHOWWINDOW@-122; WM_ACTIVATE active@4; WM_NCPAINT@48; WM_ERASEBKGND@49; Loaded@52; WM_NCPAINT@55; WM_ERASEBKGND@55; ContentRendered@90; Foreground@90; WM_ACTIVATE inactive@1505"
"software~1","FlashLab","software",273,64,33,144,66,4,44,66,32,"Main software@-437; Run@-103; SourceInitialized@-1; WM_SHOWWINDOW@-1; WM_ACTIVATE active@6; WM_NCPAINT@55; WM_ERASEBKGND@57; Loaded@60; WM_NCPAINT@63; WM_ERASEBKGND@63; ContentRendered@94; Foreground@94; WM_ACTIVATE inactive@1505"
"nofade~1","FlashLab","nofade",289,64,33,255,16,10,16,62,14,"Main nofade@-572; Run@-222; SourceInitialized@-124; WM_SHOWWINDOW@-123; WM_ACTIVATE active@4; WM_NCPAINT@43; WM_ERASEBKGND@44; Loaded@47; WM_NCPAINT@51; WM_ERASEBKGND@51; ContentRendered@96; Foreground@96; WM_ACTIVATE inactive@1505"
"erase~1","FlashLab","erase",273,64,33,101,53,3,39,53,39,"Main erase@-584; Run@-226; SourceInitialized@-115; WM_SHOWWINDOW@-114; WM_ACTIVATE active@5; WM_NCPAINT@46; Loaded@51; WM_NCPAINT@55; ContentRendered@102; Foreground@102; WM_ACTIVATE inactive@1505"
"sync~1","FlashLab","sync",282,64,33,142,60,4,39,60,27,"Main sync@-540; Run@-210; SourceInitialized@-116; WM_SHOWWINDOW@-115; WM_ACTIVATE active@4; WM_NCPAINT@44; WM_ERASEBKGND@45; Loaded@48; WM_NCPAINT@52; WM_ERASEBKGND@53; Shown@53; SyncRendered@60; ContentRendered@98; Foreground@98; WM_ACTIVATE inactive@1504"
"noime~1","FlashLab","noime",275,64,33,118,56,3,40,56,35,"Main noime@-571; Run@-228; SourceInitialized@-124; WM_SHOWWINDOW@-124; WM_ACTIVATE active@4; WM_NCPAINT@33; WM_ERASEBKGND@34; Loaded@38; WM_NCPAINT@44; WM_ERASEBKGND@44; ContentRendered@59; Foreground@59; WM_ACTIVATE inactive@1504"
"cloak=loaded~1","FlashLab","cloak=loaded",286,64,33,255,53,3,53,61,53,"Main cloak=loaded@-538; Run@-205; SourceInitialized@-107; Cloaked@-107; WM_SHOWWINDOW@-106; WM_ACTIVATE active@4; WM_NCPAINT@44; WM_ERASEBKGND@45; Loaded@48; Uncloaked@48; WM_NCPAINT@52; WM_ERASEBKGND@52; ContentRendered@102; Foreground@102; WM_ACTIVATE inactive@1505"
"cloak=erase+erase~1","FlashLab","cloak=erase+erase",285,64,33,255,47,3,47,55,47,"Main cloak=erase+erase@-554; Run@-217; SourceInitialized@-116; Cloaked@-115; WM_SHOWWINDOW@-114; WM_ACTIVATE active@4; WM_NCPAINT@41; Uncloaked@42; Loaded@46; WM_NCPAINT@49; ContentRendered@101; Foreground@101; WM_ACTIVATE inactive@1504"
"cloak=tick~1","FlashLab","cloak=tick",283,64,33,255,60,2,60,65,60,"Main cloak=tick@-569; Run@-230; SourceInitialized@-120; Cloaked@-119; WM_SHOWWINDOW@-118; WM_ACTIVATE active@5; WM_NCPAINT@47; WM_ERASEBKGND@48; Loaded@50; FirstTick@50; Uncloaked@51; WM_NCPAINT@54; WM_ERASEBKGND@54; ContentRendered@103; Foreground@103; WM_ACTIVATE inactive@1505"
"cloak=opdone~1","FlashLab","cloak=opdone",275,64,33,33,64,0,,,64,"Main cloak=opdone@-548; Run@-216; SourceInitialized@-117; Cloaked@-117; WM_SHOWWINDOW@-116; WM_ACTIVATE active@5; WM_NCPAINT@41; WM_ERASEBKGND@42; Loaded@44; WM_NCPAINT@48; WM_ERASEBKGND@48; RenderOperationCompleted@55; Uncloaked@55; ContentRendered@97; Foreground@97; WM_ACTIVATE inactive@1505"
"cloak=cr+onshow~1","FlashLab","cloak=cr+onshow",288,30,30,30,1138,0,,,,"Main cloak=cr+onshow@-640; Run@-255; SourceInitialized@-134; WM_SHOWWINDOW@-133; WM_ACTIVATE active@3; WM_NCPAINT@42; WM_ERASEBKGND@43; CloakedOnShow@44; Loaded@47; WM_NCPAINT@51; WM_ERASEBKGND@51; ContentRendered@58; NotForeground@58; Uncloaked@59"
"cloak=cr+rgn~1","FlashLab","cloak=cr+rgn",285,64,33,255,119,2,119,123,119,"Main cloak=cr+rgn@-537; Run@-209; SourceInitialized@-108; EmptyRegion@-107; WM_SHOWWINDOW@-106; WM_ACTIVATE active@5; WM_NCPAINT@48; WM_ERASEBKGND@49; Loaded@51; ContentRendered@112; Foreground@112; WM_NCPAINT@113; WM_ERASEBKGND@118; RegionReset@121; WM_PAINT@121; WM_ACTIVATE inactive@1505"
"cloak=cr~1","FlashLab","cloak=cr",285,64,33,33,93,0,,,93,"Main cloak=cr@-528; Run@-193; SourceInitialized@-100; Cloaked@-99; WM_SHOWWINDOW@-98; WM_ACTIVATE active@4; WM_NCPAINT@42; WM_ERASEBKGND@43; Loaded@46; WM_NCPAINT@49; WM_ERASEBKGND@49; ContentRendered@88; Foreground@88; Uncloaked@88; WM_ACTIVATE inactive@1505"
"noactivate+cloak=cr~1","FlashLab","noactivate+cloak=cr",287,64,33,255,15,1,15,15,15,"Main noactivate+cloak=cr@-559; Run@-217; SourceInitialized@-120; Cloaked@-119; WM_SHOWWINDOW@-118; WM_NCPAINT@1; WM_ERASEBKGND@2; Loaded@5; WM_NCPAINT@8; WM_ERASEBKGND@8; ContentRendered@12; NotForeground@12; Uncloaked@13"
"noactivate+cloak=active~1","FlashLab","noactivate+cloak=active",284,64,33,255,12,1,12,12,10,"Main noactivate+cloak=active@-592; Run@-250; SourceInitialized@-123; Cloaked@-122; WM_SHOWWINDOW@-121; WM_NCPAINT@1; WM_ERASEBKGND@2; Loaded@5; NotActive@5; Uncloaked@6; WM_NCPAINT@12; WM_ERASEBKGND@12; ContentRendered@24; NotForeground@24"
"noactivate+cloak=showpos~1","FlashLab","noactivate+cloak=showpos",287,64,33,255,16,2,16,18,12,"Main noactivate+cloak=showpos@-575; Run@-229; SourceInitialized@-125; Cloaked@-124; WM_SHOWWINDOW@-124; WM_NCPAINT@1; WM_ERASEBKGND@2; ShownInactive@3; Uncloaked@3; Loaded@6; WM_NCPAINT@9; WM_ERASEBKGND@9; ContentRendered@14; NotForeground@14"
"software+cloak=cr+onactivate~1","FlashLab","software+cloak=cr+onactivate",284,64,33,33,110,0,,,110,"Main software+cloak=cr+onactivate@-459; Run@-113; SourceInitialized@-2; WM_SHOWWINDOW@-1; CloakedOnActivate@5; WM_ACTIVATE active@6; WM_NCPAINT@50; WM_ERASEBKGND@50; Loaded@54; WM_NCPAINT@57; WM_ERASEBKGND@58; ContentRendered@106; Foreground@106; Uncloaked@107; WM_ACTIVATE inactive@1505"
"mica+cloak=cr+onactivate~1","FlashLab","mica+cloak=cr+onactivate",286,64,33,64,11,0,,,106,"Main mica+cloak=cr+onactivate@-543; Run@-214; SourceInitialized@-114; WM_SHOWWINDOW@-114; CloakedOnActivate@5; WM_ACTIVATE active@6; WM_NCPAINT@47; WM_ERASEBKGND@48; Loaded@51; WM_NCPAINT@55; WM_ERASEBKGND@55; ContentRendered@102; Foreground@102; Uncloaked@102; WM_ACTIVATE inactive@1504"
"cloak=frames~1","FlashLab","cloak=frames",284,64,33,33,135,0,,,135,"Main cloak=frames@-545; Run@-209; SourceInitialized@-111; Cloaked@-110; WM_SHOWWINDOW@-109; WM_ACTIVATE active@5; WM_NCPAINT@44; WM_ERASEBKGND@45; Loaded@49; WM_NCPAINT@52; WM_ERASEBKGND@52; ContentRendered@92; Foreground@92; Rendering 1@92; Rendering 2@108; Rendering 3@124; Uncloaked@124; WM_ACTIVATE inactive@1504"
"cloak=complete+inval~1","FlashLab","cloak=complete+inval",285,64,33,33,101,0,,,101,"Main cloak=complete+inval@-559; Run@-224; SourceInitialized@-127; Cloaked@-126; WM_SHOWWINDOW@-125; WM_ACTIVATE active@5; WM_NCPAINT@44; WM_ERASEBKGND@44; Loaded@46; WM_NCPAINT@49; WM_ERASEBKGND@50; ContentRendered@88; Foreground@88; CompleteRender@97; Uncloaked@98; Invalidated@98; WM_PAINT@101; WM_ACTIVATE inactive@1506"
"cloak=late~1","FlashLab","cloak=late",279,64,33,33,419,0,,,419,"Main cloak=late@-588; Run@-233; SourceInitialized@-119; Cloaked@-117; WM_SHOWWINDOW@-115; WM_ACTIVATE active@5; WM_NCPAINT@44; WM_ERASEBKGND@45; Loaded@48; WM_NCPAINT@52; WM_ERASEBKGND@52; ContentRendered@102; Foreground@102; Uncloaked@414; WM_ACTIVATE inactive@1505"
"heavy~1","FlashLab","heavy",269,64,48,255,307,181,71,953,63,"Main heavy@-529; Run@-208; SourceInitialized@-86; WM_SHOWWINDOW@-85; WM_ACTIVATE active@5; WM_NCPAINT@43; WM_ERASEBKGND@43; Loaded@46; WM_NCPAINT@79; WM_ERASEBKGND@79; ContentRendered@128; Foreground@128; WM_ACTIVATE inactive@1509"
"cloak=cr+onactivate+heavy~1","FlashLab","cloak=cr+onactivate+heavy",281,64,48,255,121,174,121,909,121,"Main cloak=cr+onactivate+heavy@-557; Run@-225; SourceInitialized@-112; WM_SHOWWINDOW@-111; CloakedOnActivate@5; WM_ACTIVATE active@6; WM_NCPAINT@42; WM_ERASEBKGND@43; Loaded@46; WM_NCPAINT@69; WM_ERASEBKGND@70; ContentRendered@113; Foreground@113; Uncloaked@113; WM_ACTIVATE inactive@1511"
"reshow~1","FlashLab","reshow",186,64,33,145,65,5,36,65,30,"Main reshow@-587; Run@-239; SourceInitialized@-135; WM_SHOWWINDOW@-135; WM_ACTIVATE active@4; WM_NCPAINT@45; WM_ERASEBKGND@46; Loaded@49; WM_NCPAINT@52; WM_ERASEBKGND@53; ContentRendered@84; Foreground@84; WM_SHOWWINDOW@705; WM_ACTIVATE inactive@709; Hidden@712; WM_ACTIVATE active@1330; ShownAgain@1339; WM_PAINT@1341; WM_ACTIVATE inactive@1505"
"minimal+no-cloak~2","DarkStartupMinimal","--no-cloak",277,64,33,103,58,2,49,58,43,""
"minimal~2","DarkStartupMinimal","",288,64,33,64,11,0,,,98,""
"minimal+no-activate+no-cloak~2","DarkStartupMinimal","--no-activate --no-cloak",283,64,33,64,8,0,,,22,""
"minimal+no-activate~2","DarkStartupMinimal","--no-activate",280,64,33,64,10,0,,,27,""
"plain~2","FlashLab","plain",282,64,33,182,93,8,39,93,39,"Main plain@-553; Run@-230; SourceInitialized@-128; WM_SHOWWINDOW@-127; WM_ACTIVATE active@7; WM_NCPAINT@72; WM_ERASEBKGND@76; Loaded@80; WM_NCPAINT@87; WM_ERASEBKGND@89; ContentRendered@151; Foreground@151; WM_ACTIVATE inactive@1506"
"mica~2","FlashLab","mica",283,64,33,122,57,2,51,57,43,"Main mica@-558; Run@-216; SourceInitialized@-117; WM_SHOWWINDOW@-117; WM_ACTIVATE active@4; WM_NCPAINT@48; WM_ERASEBKGND@48; Loaded@51; WM_NCPAINT@55; WM_ERASEBKGND@55; ContentRendered@109; Foreground@109; WM_ACTIVATE inactive@1505"
"software~2","FlashLab","software",274,64,33,134,57,3,42,57,29,"Main software@-432; Run@-98; SourceInitialized@-2; WM_SHOWWINDOW@-1; WM_ACTIVATE active@5; WM_NCPAINT@48; WM_ERASEBKGND@49; Loaded@51; WM_NCPAINT@55; WM_ERASEBKGND@55; ContentRendered@95; Foreground@95; WM_ACTIVATE inactive@1511"
"nofade~2","FlashLab","nofade",279,64,33,255,16,13,16,108,11,"Main nofade@-573; Run@-239; SourceInitialized@-138; WM_SHOWWINDOW@-136; WM_ACTIVATE active@5; WM_NCPAINT@66; WM_ERASEBKGND@69; Loaded@75; WM_NCPAINT@85; ContentRendered@153; Foreground@153; WM_ACTIVATE inactive@1506"
"erase~2","FlashLab","erase",204,37,33,105,55,4,34,55,34,"Main erase@-535; Run@-198; SourceInitialized@-103; WM_SHOWWINDOW@-102; WM_ACTIVATE active@5; WM_NCPAINT@50; Loaded@54; WM_NCPAINT@58; ContentRendered@96; Foreground@96; WM_ACTIVATE inactive@1506"
"sync~2","FlashLab","sync",199,37,33,130,65,5,36,65,30,"Main sync@-554; Run@-214; SourceInitialized@-117; WM_SHOWWINDOW@-116; WM_ACTIVATE active@5; WM_NCPAINT@49; WM_ERASEBKGND@50; Loaded@54; WM_NCPAINT@57; WM_ERASEBKGND@58; Shown@58; SyncRendered@66; ContentRendered@113; Foreground@113; WM_ACTIVATE inactive@1504"
"noime~2","FlashLab","noime",206,37,33,79,45,2,45,55,30,"Main noime@-548; Run@-212; SourceInitialized@-114; WM_SHOWWINDOW@-113; WM_ACTIVATE active@4; WM_NCPAINT@38; WM_ERASEBKGND@38; Loaded@41; WM_NCPAINT@47; WM_ERASEBKGND@48; ContentRendered@72; Foreground@72; WM_ACTIVATE inactive@1504"
"cloak=loaded~2","FlashLab","cloak=loaded",199,37,33,255,56,1,56,56,56,"Main cloak=loaded@-560; Run@-223; SourceInitialized@-125; Cloaked@-124; WM_SHOWWINDOW@-123; WM_ACTIVATE active@5; WM_NCPAINT@43; WM_ERASEBKGND@44; Loaded@47; Uncloaked@47; WM_NCPAINT@51; WM_ERASEBKGND@51; ContentRendered@84; Foreground@84; WM_ACTIVATE inactive@1504"
"cloak=erase+erase~2","FlashLab","cloak=erase+erase",201,37,33,37,49,0,,,53,"Main cloak=erase+erase@-541; Run@-206; SourceInitialized@-108; Cloaked@-107; WM_SHOWWINDOW@-106; WM_ACTIVATE active@4; WM_NCPAINT@45; Uncloaked@46; Loaded@49; WM_NCPAINT@53; ContentRendered@90; Foreground@90; WM_ACTIVATE inactive@1504"
"cloak=tick~2","FlashLab","cloak=tick",199,37,33,255,57,1,57,57,57,"Main cloak=tick@-551; Run@-219; SourceInitialized@-119; Cloaked@-118; WM_SHOWWINDOW@-117; WM_ACTIVATE active@5; WM_NCPAINT@44; WM_ERASEBKGND@45; Loaded@48; FirstTick@48; Uncloaked@48; WM_NCPAINT@52; WM_ERASEBKGND@52; ContentRendered@103; Foreground@103; WM_ACTIVATE inactive@1505"
"cloak=opdone~2","FlashLab","cloak=opdone",200,37,33,37,60,0,,,67,"Main cloak=opdone@-534; Run@-209; SourceInitialized@-115; Cloaked@-114; WM_SHOWWINDOW@-114; WM_ACTIVATE active@5; WM_NCPAINT@43; WM_ERASEBKGND@44; Loaded@47; WM_NCPAINT@51; WM_ERASEBKGND@51; RenderOperationCompleted@58; Uncloaked@59; ContentRendered@103; Foreground@103; WM_ACTIVATE inactive@1505"
"cloak=cr+onshow~2","FlashLab","cloak=cr+onshow",203,37,33,88,46,3,33,46,33,"Main cloak=cr+onshow@-560; Run@-225; SourceInitialized@-114; WM_SHOWWINDOW@-114; WM_ACTIVATE active@4; WM_NCPAINT@49; WM_ERASEBKGND@50; CloakedOnShow@51; Loaded@54; WM_NCPAINT@60; WM_ERASEBKGND@61; ContentRendered@106; Foreground@106; Uncloaked@106; WM_ACTIVATE inactive@1504"
"cloak=cr+rgn~2","FlashLab","cloak=cr+rgn",200,37,33,255,76,5,76,98,76,"Main cloak=cr+rgn@-554; Run@-218; SourceInitialized@-121; EmptyRegion@-120; WM_SHOWWINDOW@-119; WM_ACTIVATE active@5; WM_NCPAINT@46; WM_ERASEBKGND@47; Loaded@50; ContentRendered@63; Foreground@63; WM_NCPAINT@68; WM_ERASEBKGND@72; RegionReset@74; WM_PAINT@96; WM_ACTIVATE inactive@1507"
"cloak=cr~2","FlashLab","cloak=cr",200,37,33,37,100,0,,,110,"Main cloak=cr@-539; Run@-205; SourceInitialized@-111; Cloaked@-110; WM_SHOWWINDOW@-109; WM_ACTIVATE active@5; WM_NCPAINT@43; WM_ERASEBKGND@44; Loaded@47; WM_NCPAINT@50; WM_ERASEBKGND@50; ContentRendered@99; Foreground@99; Uncloaked@100; WM_ACTIVATE inactive@1504"
"noactivate+cloak=cr~2","FlashLab","noactivate+cloak=cr",201,37,33,33,24,0,,,24,"Main noactivate+cloak=cr@-557; Run@-220; SourceInitialized@-115; Cloaked@-114; WM_SHOWWINDOW@-113; WM_NCPAINT@2; WM_ERASEBKGND@3; Loaded@6; WM_NCPAINT@9; WM_ERASEBKGND@9; ContentRendered@13; NotForeground@13; Uncloaked@14"
"noactivate+cloak=active~2","FlashLab","noactivate+cloak=active",203,37,33,37,15,0,,,15,"Main noactivate+cloak=active@-541; Run@-208; SourceInitialized@-107; Cloaked@-106; WM_SHOWWINDOW@-105; WM_NCPAINT@1; WM_ERASEBKGND@2; Loaded@5; NotActive@5; Uncloaked@6; WM_NCPAINT@9; WM_ERASEBKGND@9; ContentRendered@14; NotForeground@14"
"noactivate+cloak=showpos~2","FlashLab","noactivate+cloak=showpos",203,37,33,37,14,0,,,14,"Main noactivate+cloak=showpos@-628; Run@-245; SourceInitialized@-121; Cloaked@-120; WM_SHOWWINDOW@-119; WM_NCPAINT@1; WM_ERASEBKGND@2; ShownInactive@3; Uncloaked@3; Loaded@7; WM_NCPAINT@11; WM_ERASEBKGND@11; ContentRendered@15; NotForeground@16"
"software+cloak=cr+onactivate~2","FlashLab","software+cloak=cr+onactivate",286,64,33,64,14,0,,,120,"Main software+cloak=cr+onactivate@-476; Run@-116; SourceInitialized@-2; WM_SHOWWINDOW@-1; CloakedOnActivate@4; WM_ACTIVATE active@5; WM_NCPAINT@54; WM_ERASEBKGND@55; Loaded@58; WM_NCPAINT@67; WM_ERASEBKGND@67; ContentRendered@111; Foreground@111; Uncloaked@112; WM_ACTIVATE inactive@1504"
"mica+cloak=cr+onactivate~2","FlashLab","mica+cloak=cr+onactivate",284,64,33,64,10,0,,,90,"Main mica+cloak=cr+onactivate@-559; Run@-217; SourceInitialized@-118; WM_SHOWWINDOW@-117; CloakedOnActivate@4; WM_ACTIVATE active@5; WM_NCPAINT@42; WM_ERASEBKGND@43; Loaded@46; WM_NCPAINT@49; WM_ERASEBKGND@50; ContentRendered@83; Foreground@83; Uncloaked@83; WM_ACTIVATE inactive@1504"
"cloak=frames~2","FlashLab","cloak=frames",284,64,33,64,114,0,,,120,"Main cloak=frames@-548; Run@-212; SourceInitialized@-116; Cloaked@-115; WM_SHOWWINDOW@-115; WM_ACTIVATE active@4; WM_NCPAINT@42; WM_ERASEBKGND@42; Loaded@45; WM_NCPAINT@48; WM_ERASEBKGND@48; ContentRendered@83; Foreground@83; Rendering 1@84; Rendering 2@100; Rendering 3@114; Uncloaked@114; WM_ACTIVATE inactive@1504"
"cloak=complete+inval~2","FlashLab","cloak=complete+inval",284,64,33,64,91,0,,,99,"Main cloak=complete+inval@-625; Run@-237; SourceInitialized@-131; Cloaked@-130; WM_SHOWWINDOW@-129; WM_ACTIVATE active@5; WM_NCPAINT@51; WM_ERASEBKGND@52; Loaded@55; WM_NCPAINT@59; WM_ERASEBKGND@59; ContentRendered@89; Foreground@89; CompleteRender@90; Uncloaked@90; Invalidated@91; WM_PAINT@92; WM_ACTIVATE inactive@1504"
"cloak=late~2","FlashLab","cloak=late",287,64,33,33,422,0,,,422,"Main cloak=late@-546; Run@-211; SourceInitialized@-112; Cloaked@-111; WM_SHOWWINDOW@-110; WM_ACTIVATE active@4; WM_NCPAINT@43; WM_ERASEBKGND@44; Loaded@47; WM_NCPAINT@50; WM_ERASEBKGND@50; ContentRendered@106; Foreground@106; Uncloaked@417; WM_ACTIVATE inactive@1505"
"heavy~2","FlashLab","heavy",274,64,48,255,269,183,35,914,29,"Main heavy@-568; Run@-217; SourceInitialized@-105; WM_SHOWWINDOW@-104; WM_ACTIVATE active@4; WM_NCPAINT@46; WM_ERASEBKGND@47; Loaded@49; WM_NCPAINT@73; WM_ERASEBKGND@73; ContentRendered@131; Foreground@131; WM_ACTIVATE inactive@1509"
"cloak=cr+onactivate+heavy~2","FlashLab","cloak=cr+onactivate+heavy",283,64,48,255,136,174,136,919,136,"Main cloak=cr+onactivate+heavy@-566; Run@-218; SourceInitialized@-95; WM_SHOWWINDOW@-94; CloakedOnActivate@4; WM_ACTIVATE active@6; WM_NCPAINT@45; WM_ERASEBKGND@46; Loaded@50; WM_NCPAINT@73; WM_ERASEBKGND@73; ContentRendered@125; Foreground@125; Uncloaked@125; WM_ACTIVATE inactive@1510"
"reshow~2","FlashLab","reshow",190,64,33,162,65,5,33,65,26,"Main reshow@-550; Run@-216; SourceInitialized@-118; WM_SHOWWINDOW@-117; WM_ACTIVATE active@4; WM_NCPAINT@49; WM_ERASEBKGND@49; Loaded@52; WM_NCPAINT@56; WM_ERASEBKGND@56; ContentRendered@95; Foreground@95; WM_SHOWWINDOW@703; WM_ACTIVATE inactive@707; Hidden@710; WM_ACTIVATE active@1316; ShownAgain@1323; WM_PAINT@1326; WM_ACTIVATE inactive@1504"
"minimal+no-cloak~3","DarkStartupMinimal","--no-cloak",273,64,33,146,59,5,30,59,30,""
"minimal~3","DarkStartupMinimal","",285,64,33,33,97,0,,,97,""
"minimal+no-activate+no-cloak~3","DarkStartupMinimal","--no-activate --no-cloak",282,64,33,64,8,0,,,25,""
"minimal+no-activate~3","DarkStartupMinimal","--no-activate",277,64,33,64,10,0,,,27,""
"plain~3","FlashLab","plain",274,64,33,140,60,3,46,60,31,"Main plain@-525; Run@-199; SourceInitialized@-111; WM_SHOWWINDOW@-111; WM_ACTIVATE active@6; WM_NCPAINT@48; WM_ERASEBKGND@49; Loaded@53; WM_NCPAINT@56; WM_ERASEBKGND@57; ContentRendered@111; Foreground@111; WM_ACTIVATE inactive@1504"
"mica~3","FlashLab","mica",276,64,33,161,73,5,37,73,28,"Main mica@-584; Run@-241; SourceInitialized@-128; WM_SHOWWINDOW@-128; WM_ACTIVATE active@4; WM_NCPAINT@53; WM_ERASEBKGND@53; Loaded@58; WM_NCPAINT@63; WM_ERASEBKGND@63; ContentRendered@117; Foreground@117; WM_ACTIVATE inactive@1504"
"software~3","FlashLab","software",273,64,33,137,60,4,38,60,32,"Main software@-429; Run@-96; SourceInitialized@-1; WM_SHOWWINDOW@-0; WM_ACTIVATE active@5; WM_NCPAINT@49; WM_ERASEBKGND@49; Loaded@53; WM_NCPAINT@58; WM_ERASEBKGND@58; ContentRendered@100; Foreground@100; WM_ACTIVATE inactive@1505"
"nofade~3","FlashLab","nofade",289,64,33,255,38,10,38,78,30,"Main nofade@-544; Run@-210; SourceInitialized@-110; WM_SHOWWINDOW@-109; WM_ACTIVATE active@25; WM_NCPAINT@65; WM_ERASEBKGND@65; Loaded@69; WM_NCPAINT@71; WM_ERASEBKGND@72; ContentRendered@120; Foreground@120; WM_ACTIVATE inactive@1505"
"erase~3","FlashLab","erase",279,64,33,130,57,4,35,57,29,"Main erase@-549; Run@-216; SourceInitialized@-119; WM_SHOWWINDOW@-118; WM_ACTIVATE active@5; WM_NCPAINT@47; Loaded@50; WM_NCPAINT@54; ContentRendered@91; Foreground@92; WM_ACTIVATE inactive@1505"
"sync~3","FlashLab","sync",281,64,33,140,58,3,46,58,29,"Main sync@-561; Run@-213; SourceInitialized@-117; WM_SHOWWINDOW@-117; WM_ACTIVATE active@4; WM_NCPAINT@42; WM_ERASEBKGND@43; Loaded@46; WM_NCPAINT@50; WM_ERASEBKGND@50; Shown@50; SyncRendered@56; ContentRendered@103; Foreground@103; WM_ACTIVATE inactive@1505"
"noime~3","FlashLab","noime",276,64,33,106,45,2,37,45,31,"Main noime@-570; Run@-208; SourceInitialized@-110; WM_SHOWWINDOW@-109; WM_ACTIVATE active@4; WM_NCPAINT@32; WM_ERASEBKGND@33; Loaded@36; WM_NCPAINT@41; WM_ERASEBKGND@42; ContentRendered@58; Foreground@59; WM_ACTIVATE inactive@1505"
"cloak=loaded~3","FlashLab","cloak=loaded",285,64,33,255,54,2,54,58,54,"Main cloak=loaded@-566; Run@-215; SourceInitialized@-112; Cloaked@-111; WM_SHOWWINDOW@-110; WM_ACTIVATE active@5; WM_NCPAINT@43; WM_ERASEBKGND@44; Loaded@47; Uncloaked@47; WM_NCPAINT@51; WM_ERASEBKGND@51; ContentRendered@82; Foreground@82; WM_ACTIVATE inactive@1506"
"cloak=erase+erase~3","FlashLab","cloak=erase+erase",285,64,33,255,51,1,51,51,51,"Main cloak=erase+erase@-566; Run@-221; SourceInitialized@-117; Cloaked@-117; WM_SHOWWINDOW@-116; WM_ACTIVATE active@4; WM_NCPAINT@44; Uncloaked@46; Loaded@49; WM_NCPAINT@52; ContentRendered@92; Foreground@92; WM_ACTIVATE inactive@1507"
"cloak=tick~3","FlashLab","cloak=tick",285,64,33,255,54,2,54,58,54,"Main cloak=tick@-555; Run@-217; SourceInitialized@-120; Cloaked@-120; WM_SHOWWINDOW@-119; WM_ACTIVATE active@5; WM_NCPAINT@43; WM_ERASEBKGND@44; Loaded@47; FirstTick@47; Uncloaked@47; WM_NCPAINT@51; WM_ERASEBKGND@51; ContentRendered@100; Foreground@100; WM_ACTIVATE inactive@1506"
"cloak=opdone~3","FlashLab","cloak=opdone",284,64,33,33,67,0,,,67,"Main cloak=opdone@-561; Run@-214; SourceInitialized@-119; Cloaked@-118; WM_SHOWWINDOW@-117; WM_ACTIVATE active@5; WM_NCPAINT@48; WM_ERASEBKGND@49; Loaded@52; WM_NCPAINT@56; WM_ERASEBKGND@56; RenderOperationCompleted@60; Uncloaked@61; ContentRendered@112; Foreground@112; WM_ACTIVATE inactive@1504"
"cloak=cr+onshow~3","FlashLab","cloak=cr+onshow",288,64,33,101,42,2,34,42,28,"Main cloak=cr+onshow@-573; Run@-225; SourceInitialized@-128; WM_SHOWWINDOW@-127; WM_ACTIVATE active@5; WM_NCPAINT@44; WM_ERASEBKGND@45; CloakedOnShow@46; Loaded@49; WM_NCPAINT@53; WM_ERASEBKGND@53; ContentRendered@82; Foreground@82; Uncloaked@83; WM_ACTIVATE inactive@1505"
"cloak=cr+rgn~3","FlashLab","cloak=cr+rgn",284,64,33,255,99,1,99,99,99,"Main cloak=cr+rgn@-536; Run@-203; SourceInitialized@-106; EmptyRegion@-105; WM_SHOWWINDOW@-104; WM_ACTIVATE active@4; WM_NCPAINT@41; WM_ERASEBKGND@42; Loaded@44; ContentRendered@90; Foreground@90; WM_NCPAINT@92; WM_ERASEBKGND@96; RegionReset@99; WM_PAINT@100; WM_ACTIVATE inactive@1504"
"cloak=cr~3","FlashLab","cloak=cr",283,64,33,64,111,0,,,115,"Main cloak=cr@-556; Run@-223; SourceInitialized@-125; Cloaked@-125; WM_SHOWWINDOW@-124; WM_ACTIVATE active@5; WM_NCPAINT@43; WM_ERASEBKGND@44; Loaded@47; WM_NCPAINT@51; WM_ERASEBKGND@51; ContentRendered@108; Foreground@108; Uncloaked@109; WM_ACTIVATE inactive@1504"
"noactivate+cloak=cr~3","FlashLab","noactivate+cloak=cr",284,64,33,33,17,0,,,17,"Main noactivate+cloak=cr@-546; Run@-209; SourceInitialized@-111; Cloaked@-110; WM_SHOWWINDOW@-109; WM_NCPAINT@1; WM_ERASEBKGND@2; Loaded@5; WM_NCPAINT@9; WM_ERASEBKGND@9; ContentRendered@13; NotForeground@13; Uncloaked@14"
"noactivate+cloak=active~3","FlashLab","noactivate+cloak=active",285,64,33,255,15,1,15,15,15,"Main noactivate+cloak=active@-545; Run@-210; SourceInitialized@-110; Cloaked@-109; WM_SHOWWINDOW@-108; WM_NCPAINT@1; WM_ERASEBKGND@2; Loaded@6; NotActive@6; Uncloaked@6; WM_NCPAINT@10; WM_ERASEBKGND@10; ContentRendered@14; NotForeground@15"
"noactivate+cloak=showpos~3","FlashLab","noactivate+cloak=showpos",287,64,33,255,14,1,14,14,12,"Main noactivate+cloak=showpos@-578; Run@-212; SourceInitialized@-109; Cloaked@-108; WM_SHOWWINDOW@-107; WM_NCPAINT@1; WM_ERASEBKGND@2; ShownInactive@2; Uncloaked@3; Loaded@5; WM_NCPAINT@9; WM_ERASEBKGND@9; ContentRendered@13; NotForeground@13"
"software+cloak=cr+onactivate~3","FlashLab","software+cloak=cr+onactivate",284,64,33,64,90,0,,,94,"Main software+cloak=cr+onactivate@-441; Run@-101; SourceInitialized@-1; WM_SHOWWINDOW@-1; CloakedOnActivate@4; WM_ACTIVATE active@6; WM_NCPAINT@44; WM_ERASEBKGND@46; Loaded@48; WM_NCPAINT@52; WM_ERASEBKGND@52; ContentRendered@89; Foreground@89; Uncloaked@90; WM_ACTIVATE inactive@1505"
"mica+cloak=cr+onactivate~3","FlashLab","mica+cloak=cr+onactivate",284,64,33,33,98,0,,,98,"Main mica+cloak=cr+onactivate@-576; Run@-223; SourceInitialized@-119; WM_SHOWWINDOW@-118; CloakedOnActivate@4; WM_ACTIVATE active@5; WM_NCPAINT@45; WM_ERASEBKGND@45; Loaded@48; WM_NCPAINT@51; WM_ERASEBKGND@52; ContentRendered@93; Foreground@93; Uncloaked@94; WM_ACTIVATE inactive@1505"
"cloak=frames~3","FlashLab","cloak=frames",283,64,33,64,117,0,,,122,"Main cloak=frames@-546; Run@-210; SourceInitialized@-114; Cloaked@-113; WM_SHOWWINDOW@-112; WM_ACTIVATE active@4; WM_NCPAINT@43; WM_ERASEBKGND@44; Loaded@47; WM_NCPAINT@50; WM_ERASEBKGND@50; ContentRendered@91; Foreground@91; Rendering 1@91; Rendering 2@108; Rendering 3@115; Uncloaked@116; WM_ACTIVATE inactive@1505"
"cloak=complete+inval~3","FlashLab","cloak=complete+inval",284,64,33,64,89,0,,,94,"Main cloak=complete+inval@-540; Run@-207; SourceInitialized@-109; Cloaked@-109; WM_SHOWWINDOW@-108; WM_ACTIVATE active@4; WM_NCPAINT@43; WM_ERASEBKGND@44; Loaded@47; WM_NCPAINT@50; WM_ERASEBKGND@50; ContentRendered@87; Foreground@87; CompleteRender@88; Uncloaked@88; Invalidated@88; WM_PAINT@90; WM_ACTIVATE inactive@1504"
"cloak=late~3","FlashLab","cloak=late",286,64,33,64,387,0,,,394,"Main cloak=late@-543; Run@-210; SourceInitialized@-109; Cloaked@-109; WM_SHOWWINDOW@-108; WM_ACTIVATE active@4; WM_NCPAINT@42; WM_ERASEBKGND@43; Loaded@45; WM_NCPAINT@49; WM_ERASEBKGND@49; ContentRendered@77; Foreground@77; Uncloaked@385; WM_ACTIVATE inactive@1505"
"heavy~3","FlashLab","heavy",271,64,48,255,271,183,31,921,31,"Main heavy@-561; Run@-219; SourceInitialized@-101; WM_SHOWWINDOW@-101; WM_ACTIVATE active@5; WM_NCPAINT@44; WM_ERASEBKGND@45; Loaded@49; WM_NCPAINT@75; WM_ERASEBKGND@75; ContentRendered@127; Foreground@127; WM_ACTIVATE inactive@1509"
"cloak=cr+onactivate+heavy~3","FlashLab","cloak=cr+onactivate+heavy",284,64,48,255,121,195,121,999,121,"Main cloak=cr+onactivate+heavy@-547; Run@-212; SourceInitialized@-92; WM_SHOWWINDOW@-91; CloakedOnActivate@5; WM_ACTIVATE active@6; WM_NCPAINT@47; WM_ERASEBKGND@48; Loaded@51; WM_NCPAINT@76; WM_ERASEBKGND@76; ContentRendered@116; Foreground@117; Uncloaked@117; WM_ACTIVATE inactive@1508"
"reshow~3","FlashLab","reshow",179,64,33,142,57,5,31,57,25,"Main reshow@-559; Run@-223; SourceInitialized@-121; WM_SHOWWINDOW@-120; WM_ACTIVATE active@4; WM_NCPAINT@46; WM_ERASEBKGND@46; Loaded@50; WM_NCPAINT@53; WM_ERASEBKGND@53; ContentRendered@107; Foreground@107; WM_SHOWWINDOW@713; WM_ACTIVATE inactive@717; Hidden@719; WM_ACTIVATE active@1331; ShownAgain@1338; WM_PAINT@1340; WM_ACTIVATE inactive@1504"
"minimal+no-cloak~4","DarkStartupMinimal","--no-cloak",278,64,33,120,63,3,49,63,41,""
"minimal~4","DarkStartupMinimal","",286,64,33,64,11,0,,,101,""
"minimal+no-activate+no-cloak~4","DarkStartupMinimal","--no-activate --no-cloak",277,64,33,64,9,0,,,38,""
"minimal+no-activate~4","DarkStartupMinimal","--no-activate",278,64,33,64,8,0,,,31,""
"plain~4","FlashLab","plain",274,64,33,150,64,5,34,64,28,"Main plain@-526; Run@-201; SourceInitialized@-115; WM_SHOWWINDOW@-114; WM_ACTIVATE active@5; WM_NCPAINT@46; WM_ERASEBKGND@46; Loaded@49; WM_NCPAINT@54; WM_ERASEBKGND@54; ContentRendered@91; Foreground@91; WM_ACTIVATE inactive@1504"
"mica~4","FlashLab","mica",273,64,33,158,71,6,30,71,30,"Main mica@-571; Run@-227; SourceInitialized@-120; WM_SHOWWINDOW@-119; WM_ACTIVATE active@7; WM_NCPAINT@54; WM_ERASEBKGND@55; Loaded@60; WM_NCPAINT@63; WM_ERASEBKGND@63; ContentRendered@97; Foreground@97; WM_ACTIVATE inactive@1505"
"software~4","FlashLab","software",282,64,33,138,59,5,33,59,27,"Main software@-438; Run@-105; SourceInitialized@-1; WM_SHOWWINDOW@-0; WM_ACTIVATE active@4; WM_NCPAINT@45; WM_ERASEBKGND@46; Loaded@49; WM_NCPAINT@52; WM_ERASEBKGND@52; ContentRendered@103; Foreground@103; WM_ACTIVATE inactive@1504"
"nofade~4","FlashLab","nofade",290,64,33,255,20,9,20,56,10,"Main nofade@-548; Run@-206; SourceInitialized@-107; WM_SHOWWINDOW@-107; WM_ACTIVATE active@5; WM_NCPAINT@42; WM_ERASEBKGND@43; Loaded@45; WM_NCPAINT@49; WM_ERASEBKGND@49; ContentRendered@80; Foreground@81; WM_ACTIVATE inactive@1505"
"erase~4","FlashLab","erase",277,64,33,134,56,4,30,56,30,"Main erase@-549; Run@-218; SourceInitialized@-119; WM_SHOWWINDOW@-119; WM_ACTIVATE active@4; WM_NCPAINT@45; Loaded@49; WM_NCPAINT@53; ContentRendered@98; Foreground@98; WM_ACTIVATE inactive@1504"
"sync~4","FlashLab","sync",274,64,33,153,67,5,37,67,31,"Main sync@-559; Run@-211; SourceInitialized@-115; WM_SHOWWINDOW@-114; WM_ACTIVATE active@4; WM_NCPAINT@49; WM_ERASEBKGND@50; Loaded@56; WM_NCPAINT@60; WM_ERASEBKGND@60; Shown@60; SyncRendered@68; ContentRendered@116; Foreground@116; WM_ACTIVATE inactive@1505"
"noime~4","FlashLab","noime",280,64,33,87,33,2,33,41,27,"Main noime@-556; Run@-219; SourceInitialized@-119; WM_SHOWWINDOW@-118; WM_ACTIVATE active@5; WM_NCPAINT@31; WM_ERASEBKGND@31; Loaded@33; WM_NCPAINT@39; WM_ERASEBKGND@40; ContentRendered@51; Foreground@51; WM_ACTIVATE inactive@1505"
"cloak=loaded~4","FlashLab","cloak=loaded",283,64,33,255,64,2,64,69,64,"Main cloak=loaded@-566; Run@-221; SourceInitialized@-124; Cloaked@-124; WM_SHOWWINDOW@-123; WM_ACTIVATE active@6; WM_NCPAINT@51; WM_ERASEBKGND@51; Loaded@54; Uncloaked@55; WM_NCPAINT@58; WM_ERASEBKGND@58; ContentRendered@108; Foreground@108; WM_ACTIVATE inactive@1504"
"cloak=erase+erase~4","FlashLab","cloak=erase+erase",286,64,33,64,47,0,,,52,"Main cloak=erase+erase@-561; Run@-220; SourceInitialized@-118; Cloaked@-117; WM_SHOWWINDOW@-116; WM_ACTIVATE active@5; WM_NCPAINT@44; Uncloaked@45; Loaded@48; WM_NCPAINT@52; ContentRendered@107; Foreground@107; WM_ACTIVATE inactive@1505"
"cloak=tick~4","FlashLab","cloak=tick",284,64,33,255,54,1,54,54,54,"Main cloak=tick@-565; Run@-200; SourceInitialized@-99; Cloaked@-98; WM_SHOWWINDOW@-98; WM_ACTIVATE active@4; WM_NCPAINT@42; WM_ERASEBKGND@43; Loaded@46; FirstTick@46; Uncloaked@46; WM_NCPAINT@50; WM_ERASEBKGND@50; ContentRendered@89; Foreground@90; WM_ACTIVATE inactive@1504"
"cloak=opdone~4","FlashLab","cloak=opdone",285,64,33,64,57,0,,,64,"Main cloak=opdone@-530; Run@-200; SourceInitialized@-108; Cloaked@-107; WM_SHOWWINDOW@-106; WM_ACTIVATE active@4; WM_NCPAINT@43; WM_ERASEBKGND@43; Loaded@46; WM_NCPAINT@50; WM_ERASEBKGND@50; RenderOperationCompleted@55; Uncloaked@55; ContentRendered@92; Foreground@93; WM_ACTIVATE inactive@1505"
"cloak=cr+onshow~4","FlashLab","cloak=cr+onshow",282,64,33,121,53,3,37,53,30,"Main cloak=cr+onshow@-550; Run@-208; SourceInitialized@-105; WM_SHOWWINDOW@-104; WM_ACTIVATE active@5; WM_NCPAINT@50; WM_ERASEBKGND@51; CloakedOnShow@53; Loaded@56; WM_NCPAINT@59; WM_ERASEBKGND@60; ContentRendered@105; Foreground@105; Uncloaked@106; WM_ACTIVATE inactive@1504"
"cloak=cr+rgn~4","FlashLab","cloak=cr+rgn",285,64,33,255,93,1,93,93,90,"Main cloak=cr+rgn@-557; Run@-227; SourceInitialized@-126; EmptyRegion@-124; WM_SHOWWINDOW@-124; WM_ACTIVATE active@5; WM_NCPAINT@44; WM_ERASEBKGND@45; Loaded@47; ContentRendered@82; Foreground@82; WM_NCPAINT@85; WM_ERASEBKGND@90; RegionReset@92; WM_PAINT@94; WM_ACTIVATE inactive@1505"
"cloak=cr~4","FlashLab","cloak=cr",285,64,33,64,107,0,,,114,"Main cloak=cr@-550; Run@-206; SourceInitialized@-107; Cloaked@-107; WM_SHOWWINDOW@-106; WM_ACTIVATE active@5; WM_NCPAINT@44; WM_ERASEBKGND@45; Loaded@48; WM_NCPAINT@51; WM_ERASEBKGND@51; ContentRendered@104; Foreground@104; Uncloaked@104; WM_ACTIVATE inactive@1504"
"noactivate+cloak=cr~4","FlashLab","noactivate+cloak=cr",286,64,33,33,16,0,,,16,"Main noactivate+cloak=cr@-579; Run@-217; SourceInitialized@-112; Cloaked@-111; WM_SHOWWINDOW@-110; WM_NCPAINT@1; WM_ERASEBKGND@2; Loaded@4; WM_NCPAINT@8; WM_ERASEBKGND@8; ContentRendered@12; NotForeground@12; Uncloaked@12"
"noactivate+cloak=active~4","FlashLab","noactivate+cloak=active",286,64,33,255,16,1,16,16,13,"Main noactivate+cloak=active@-544; Run@-206; SourceInitialized@-111; Cloaked@-110; WM_SHOWWINDOW@-109; WM_NCPAINT@1; WM_ERASEBKGND@2; Loaded@5; NotActive@5; Uncloaked@5; WM_NCPAINT@8; WM_ERASEBKGND@8; ContentRendered@12; NotForeground@12"
"noactivate+cloak=showpos~4","FlashLab","noactivate+cloak=showpos",286,64,33,255,12,1,12,12,10,"Main noactivate+cloak=showpos@-550; Run@-202; SourceInitialized@-104; Cloaked@-103; WM_SHOWWINDOW@-103; WM_NCPAINT@1; WM_ERASEBKGND@2; ShownInactive@2; Uncloaked@2; Loaded@5; WM_NCPAINT@9; WM_ERASEBKGND@9; ContentRendered@14; NotForeground@14"
"software+cloak=cr+onactivate~4","FlashLab","software+cloak=cr+onactivate",285,64,33,64,10,0,,,117,"Main software+cloak=cr+onactivate@-443; Run@-103; SourceInitialized@-2; WM_SHOWWINDOW@-1; CloakedOnActivate@5; WM_ACTIVATE active@6; WM_NCPAINT@52; WM_ERASEBKGND@53; Loaded@56; WM_NCPAINT@60; WM_ERASEBKGND@60; ContentRendered@112; Foreground@112; Uncloaked@112; WM_ACTIVATE inactive@1504"
"mica+cloak=cr+onactivate~4","FlashLab","mica+cloak=cr+onactivate",287,64,33,64,9,0,,,91,"Main mica+cloak=cr+onactivate@-572; Run@-227; SourceInitialized@-129; WM_SHOWWINDOW@-128; CloakedOnActivate@4; WM_ACTIVATE active@5; WM_NCPAINT@42; WM_ERASEBKGND@43; Loaded@46; WM_NCPAINT@49; WM_ERASEBKGND@49; ContentRendered@85; Foreground@85; Uncloaked@86; WM_ACTIVATE inactive@1505"
"cloak=frames~4","FlashLab","cloak=frames",283,64,33,33,135,0,,,135,"Main cloak=frames@-578; Run@-230; SourceInitialized@-131; Cloaked@-130; WM_SHOWWINDOW@-129; WM_ACTIVATE active@6; WM_NCPAINT@52; WM_ERASEBKGND@52; Loaded@56; WM_NCPAINT@61; WM_ERASEBKGND@61; ContentRendered@105; Foreground@105; Rendering 1@106; Rendering 2@111; Rendering 3@130; Uncloaked@131; WM_ACTIVATE inactive@1505"
"cloak=complete+inval~4","FlashLab","cloak=complete+inval",282,64,33,64,108,0,,,115,"Main cloak=complete+inval@-564; Run@-232; SourceInitialized@-132; Cloaked@-131; WM_SHOWWINDOW@-130; WM_ACTIVATE active@5; WM_NCPAINT@47; WM_ERASEBKGND@48; Loaded@52; WM_NCPAINT@55; WM_ERASEBKGND@55; ContentRendered@107; Foreground@107; CompleteRender@107; Uncloaked@107; Invalidated@108; WM_PAINT@109; WM_ACTIVATE inactive@1505"
"cloak=late~4","FlashLab","cloak=late",284,64,33,33,415,0,,,415,"Main cloak=late@-551; Run@-213; SourceInitialized@-115; Cloaked@-115; WM_SHOWWINDOW@-114; WM_ACTIVATE active@5; WM_NCPAINT@43; WM_ERASEBKGND@43; Loaded@46; WM_NCPAINT@50; WM_ERASEBKGND@50; ContentRendered@99; Foreground@99; Uncloaked@410; WM_ACTIVATE inactive@1505"
"heavy~4","FlashLab","heavy",282,64,48,255,268,193,33,928,27,"Main heavy@-567; Run@-214; SourceInitialized@-84; WM_SHOWWINDOW@-83; WM_ACTIVATE active@4; WM_NCPAINT@46; WM_ERASEBKGND@47; Loaded@51; WM_NCPAINT@76; WM_ERASEBKGND@76; ContentRendered@113; Foreground@113; WM_ACTIVATE inactive@1510"
"cloak=cr+onactivate+heavy~4","FlashLab","cloak=cr+onactivate+heavy",279,64,48,255,131,187,131,990,131,"Main cloak=cr+onactivate+heavy@-552; Run@-216; SourceInitialized@-102; WM_SHOWWINDOW@-101; CloakedOnActivate@5; WM_ACTIVATE active@6; WM_NCPAINT@51; WM_ERASEBKGND@52; Loaded@54; WM_NCPAINT@80; WM_ERASEBKGND@80; ContentRendered@123; Foreground@123; Uncloaked@124; WM_ACTIVATE inactive@1508"
"reshow~4","FlashLab","reshow",173,64,33,148,61,5,33,61,26,"Main reshow@-556; Run@-212; SourceInitialized@-113; WM_SHOWWINDOW@-112; WM_ACTIVATE active@5; WM_NCPAINT@51; WM_ERASEBKGND@52; Loaded@55; WM_NCPAINT@59; WM_ERASEBKGND@59; ContentRendered@96; Foreground@96; WM_SHOWWINDOW@702; WM_ACTIVATE inactive@706; Hidden@709; WM_ACTIVATE active@1318; ShownAgain@1332; WM_PAINT@1337; WM_ACTIVATE inactive@1505"
"minimal+no-cloak~5","DarkStartupMinimal","--no-cloak",271,64,33,166,74,6,35,74,28,""
"minimal~5","DarkStartupMinimal","",158,31,33,255,134,5,134,158,134,""
"minimal+no-activate+no-cloak~5","DarkStartupMinimal","--no-activate --no-cloak",216,64,33,64,12,0,,,32,""
"minimal+no-activate~5","DarkStartupMinimal","--no-activate",196,64,33,64,11,0,,,37,""
"plain~5","FlashLab","plain",191,64,33,175,81,4,54,81,44,"Main plain@-608; Run@-238; SourceInitialized@-140; WM_SHOWWINDOW@-139; WM_ACTIVATE active@6; WM_NCPAINT@57; WM_ERASEBKGND@58; Loaded@62; WM_NCPAINT@67; WM_ERASEBKGND@67; ContentRendered@84; Foreground@84; WM_ACTIVATE inactive@1505"
"mica~5","FlashLab","mica",200,64,33,64,10,0,,,82,"Main mica@-629; Run@-241; SourceInitialized@-127; WM_SHOWWINDOW@-126; WM_ACTIVATE active@5; WM_NCPAINT@49; WM_ERASEBKGND@50; Loaded@53; WM_NCPAINT@56; WM_ERASEBKGND@56; ContentRendered@111; Foreground@111; WM_ACTIVATE inactive@1505"
"software~5","FlashLab","software",196,64,33,120,64,2,52,64,36,"Main software@-502; Run@-112; SourceInitialized@-1; WM_SHOWWINDOW@-1; WM_ACTIVATE active@6; WM_NCPAINT@53; WM_ERASEBKGND@54; Loaded@58; WM_NCPAINT@61; WM_ERASEBKGND@62; ContentRendered@113; Foreground@113; WM_ACTIVATE inactive@1508"
"nofade~5","FlashLab","nofade",204,64,33,255,27,7,27,63,11,"Main nofade@-634; Run@-250; SourceInitialized@-121; WM_SHOWWINDOW@-121; WM_ACTIVATE active@5; WM_NCPAINT@50; WM_ERASEBKGND@51; Loaded@54; WM_NCPAINT@57; WM_ERASEBKGND@57; ContentRendered@108; Foreground@108; WM_ACTIVATE inactive@1507"
"erase~5","FlashLab","erase",198,64,33,106,54,1,54,54,45,"Main erase@-610; Run@-230; SourceInitialized@-123; WM_SHOWWINDOW@-122; WM_ACTIVATE active@10; WM_NCPAINT@55; Loaded@59; WM_NCPAINT@65; ContentRendered@107; Foreground@107; WM_ACTIVATE inactive@1506"
"sync~5","FlashLab","sync",198,64,33,148,71,4,41,71,35,"Main sync@-630; Run@-236; SourceInitialized@-119; WM_SHOWWINDOW@-119; WM_ACTIVATE active@5; WM_NCPAINT@48; WM_ERASEBKGND@49; Loaded@53; WM_NCPAINT@57; WM_ERASEBKGND@57; Shown@58; SyncRendered@66; ContentRendered@120; Foreground@120; WM_ACTIVATE inactive@1505"
"noime~5","FlashLab","noime",201,64,33,106,62,3,42,62,32,"Main noime@-608; Run@-226; SourceInitialized@-116; WM_SHOWWINDOW@-114; WM_ACTIVATE active@5; WM_NCPAINT@37; WM_ERASEBKGND@38; Loaded@42; WM_NCPAINT@45; WM_ERASEBKGND@46; ContentRendered@63; Foreground@63; WM_ACTIVATE inactive@1506"
"cloak=loaded~5","FlashLab","cloak=loaded",193,64,33,255,85,1,85,85,85,"Main cloak=loaded@-632; Run@-246; SourceInitialized@-125; Cloaked@-124; WM_SHOWWINDOW@-123; WM_ACTIVATE active@6; WM_NCPAINT@68; WM_ERASEBKGND@69; Loaded@74; Uncloaked@74; WM_NCPAINT@78; WM_ERASEBKGND@78; ContentRendered@145; Foreground@145; WM_ACTIVATE inactive@1504"
"cloak=erase+erase~5","FlashLab","cloak=erase+erase",196,64,33,33,65,0,,,51,"Main cloak=erase+erase@-620; Run@-231; SourceInitialized@-111; Cloaked@-110; WM_SHOWWINDOW@-109; WM_ACTIVATE active@6; WM_NCPAINT@43; Uncloaked@45; Loaded@49; WM_NCPAINT@52; ContentRendered@105; Foreground@105; WM_ACTIVATE inactive@1509"
"cloak=tick~5","FlashLab","cloak=tick",196,64,33,255,57,1,57,57,57,"Main cloak=tick@-614; Run@-235; SourceInitialized@-121; Cloaked@-120; WM_SHOWWINDOW@-119; WM_ACTIVATE active@5; WM_NCPAINT@45; WM_ERASEBKGND@46; Loaded@49; FirstTick@50; Uncloaked@50; WM_NCPAINT@54; WM_ERASEBKGND@54; ContentRendered@95; Foreground@95; WM_ACTIVATE inactive@1505"
"cloak=opdone~5","FlashLab","cloak=opdone",193,64,33,64,69,0,,,75,"Main cloak=opdone@-611; Run@-233; SourceInitialized@-123; Cloaked@-122; WM_SHOWWINDOW@-121; WM_ACTIVATE active@4; WM_NCPAINT@52; WM_ERASEBKGND@53; Loaded@56; WM_NCPAINT@59; WM_ERASEBKGND@59; RenderOperationCompleted@67; Uncloaked@68; ContentRendered@111; Foreground@111; WM_ACTIVATE inactive@1505"
"cloak=cr+onshow~5","FlashLab","cloak=cr+onshow",202,64,33,96,43,1,43,43,37,"Main cloak=cr+onshow@-643; Run@-245; SourceInitialized@-127; WM_SHOWWINDOW@-125; WM_ACTIVATE active@4; WM_NCPAINT@49; WM_ERASEBKGND@50; CloakedOnShow@51; Loaded@54; WM_NCPAINT@60; WM_ERASEBKGND@60; ContentRendered@102; Foreground@102; Uncloaked@102; WM_ACTIVATE inactive@1505"
"cloak=cr+rgn~5","FlashLab","cloak=cr+rgn",198,64,33,64,54,0,,,137,"Main cloak=cr+rgn@-642; Run@-243; SourceInitialized@-129; EmptyRegion@-127; WM_SHOWWINDOW@-126; WM_ACTIVATE active@5; WM_NCPAINT@48; WM_ERASEBKGND@49; Loaded@53; ContentRendered@121; Foreground@121; WM_NCPAINT@123; WM_ERASEBKGND@127; RegionReset@129; WM_PAINT@130; WM_ACTIVATE inactive@1504"
"cloak=cr~5","FlashLab","cloak=cr",196,64,33,64,101,0,,,105,"Main cloak=cr@-630; Run@-233; SourceInitialized@-119; Cloaked@-119; WM_SHOWWINDOW@-118; WM_ACTIVATE active@5; WM_NCPAINT@49; WM_ERASEBKGND@50; Loaded@53; WM_NCPAINT@56; WM_ERASEBKGND@57; ContentRendered@99; Foreground@99; Uncloaked@100; WM_ACTIVATE inactive@1515"
"noactivate+cloak=cr~5","FlashLab","noactivate+cloak=cr",200,64,33,33,18,0,,,18,"Main noactivate+cloak=cr@-617; Run@-234; SourceInitialized@-122; Cloaked@-121; WM_SHOWWINDOW@-119; WM_NCPAINT@1; WM_ERASEBKGND@2; Loaded@4; WM_NCPAINT@8; WM_ERASEBKGND@8; ContentRendered@12; NotForeground@12; Uncloaked@13"
"noactivate+cloak=active~5","FlashLab","noactivate+cloak=active",198,64,33,255,17,1,17,17,13,"Main noactivate+cloak=active@-618; Run@-232; SourceInitialized@-120; Cloaked@-119; WM_SHOWWINDOW@-119; WM_NCPAINT@1; WM_ERASEBKGND@2; Loaded@5; NotActive@5; Uncloaked@6; WM_NCPAINT@10; WM_ERASEBKGND@10; ContentRendered@15; NotForeground@15"
"noactivate+cloak=showpos~5","FlashLab","noactivate+cloak=showpos",199,64,33,255,17,1,17,17,14,"Main noactivate+cloak=showpos@-618; Run@-244; SourceInitialized@-124; Cloaked@-123; WM_SHOWWINDOW@-122; WM_NCPAINT@1; WM_ERASEBKGND@3; ShownInactive@3; Uncloaked@3; Loaded@8; WM_NCPAINT@13; WM_ERASEBKGND@14; ContentRendered@18; NotForeground@18"
"software+cloak=cr+onactivate~5","FlashLab","software+cloak=cr+onactivate",201,64,33,64,93,0,,,98,"Main software+cloak=cr+onactivate@-512; Run@-115; SourceInitialized@-1; WM_SHOWWINDOW@-0; CloakedOnActivate@5; WM_ACTIVATE active@5; WM_NCPAINT@48; WM_ERASEBKGND@48; Loaded@52; WM_NCPAINT@56; WM_ERASEBKGND@56; ContentRendered@90; Foreground@90; Uncloaked@90; WM_ACTIVATE inactive@1506"
"mica+cloak=cr+onactivate~5","FlashLab","mica+cloak=cr+onactivate",197,64,33,64,112,0,,,117,"Main mica+cloak=cr+onactivate@-630; Run@-237; SourceInitialized@-123; WM_SHOWWINDOW@-122; CloakedOnActivate@5; WM_ACTIVATE active@6; WM_NCPAINT@49; WM_ERASEBKGND@50; Loaded@53; WM_NCPAINT@57; WM_ERASEBKGND@57; ContentRendered@107; Foreground@107; Uncloaked@107; WM_ACTIVATE inactive@1507"
"cloak=frames~5","FlashLab","cloak=frames",196,64,33,33,156,0,,,156,"Main cloak=frames@-620; Run@-245; SourceInitialized@-125; Cloaked@-123; WM_SHOWWINDOW@-122; WM_ACTIVATE active@5; WM_NCPAINT@53; WM_ERASEBKGND@53; Loaded@56; WM_NCPAINT@60; WM_ERASEBKGND@62; ContentRendered@104; Foreground@104; Rendering 1@105; Rendering 2@122; Rendering 3@138; Uncloaked@138; WM_ACTIVATE inactive@1507"
"cloak=complete+inval~5","FlashLab","cloak=complete+inval",194,64,33,64,104,0,,,110,"Main cloak=complete+inval@-624; Run@-244; SourceInitialized@-133; Cloaked@-132; WM_SHOWWINDOW@-131; WM_ACTIVATE active@4; WM_NCPAINT@44; WM_ERASEBKGND@46; Loaded@49; WM_NCPAINT@52; WM_ERASEBKGND@54; ContentRendered@96; Foreground@96; CompleteRender@96; Uncloaked@96; Invalidated@97; WM_PAINT@99; WM_ACTIVATE inactive@1506"
"cloak=late~5","FlashLab","cloak=late",198,64,33,64,426,0,,,437,"Main cloak=late@-629; Run@-244; SourceInitialized@-126; Cloaked@-125; WM_SHOWWINDOW@-124; WM_ACTIVATE active@5; WM_NCPAINT@49; WM_ERASEBKGND@49; Loaded@51; WM_NCPAINT@55; WM_ERASEBKGND@55; ContentRendered@106; Foreground@106; Uncloaked@425; WM_ACTIVATE inactive@1505"
"heavy~5","FlashLab","heavy",196,64,48,255,278,144,45,958,39,"Main heavy@-627; Run@-242; SourceInitialized@-89; WM_SHOWWINDOW@-88; WM_ACTIVATE active@5; WM_NCPAINT@50; WM_ERASEBKGND@50; Loaded@52; WM_NCPAINT@78; WM_ERASEBKGND@78; ContentRendered@112; Foreground@112; WM_ACTIVATE inactive@1509"
"cloak=cr+onactivate+heavy~5","FlashLab","cloak=cr+onactivate+heavy",193,64,48,255,139,138,139,983,139,"Main cloak=cr+onactivate+heavy@-634; Run@-245; SourceInitialized@-103; WM_SHOWWINDOW@-102; CloakedOnActivate@4; WM_ACTIVATE active@5; WM_NCPAINT@53; WM_ERASEBKGND@54; Loaded@57; WM_NCPAINT@89; WM_ERASEBKGND@89; ContentRendered@128; Foreground@129; Uncloaked@129; WM_ACTIVATE inactive@1512"
"reshow~5","FlashLab","reshow",129,64,33,64,1361,0,,,78,"Main reshow@-610; Run@-240; SourceInitialized@-121; WM_SHOWWINDOW@-120; WM_ACTIVATE active@6; WM_NCPAINT@55; WM_ERASEBKGND@55; Loaded@58; WM_NCPAINT@62; WM_ERASEBKGND@62; ContentRendered@128; Foreground@128; WM_SHOWWINDOW@732; WM_ACTIVATE inactive@736; Hidden@738; WM_ACTIVATE active@1345; ShownAgain@1353; WM_PAINT@1356; WM_ACTIVATE inactive@1505"
"minimal+no-cloak~6","DarkStartupMinimal","--no-cloak",200,64,33,158,76,4,46,76,30,""
"minimal~6","DarkStartupMinimal","",199,64,33,33,111,0,,,111,""
"minimal+no-activate+no-cloak~6","DarkStartupMinimal","--no-activate --no-cloak",196,64,33,64,12,0,,,31,""
"minimal+no-activate~6","DarkStartupMinimal","--no-activate",196,64,33,64,12,0,,,32,""
"plain~6","FlashLab","plain",196,64,33,136,66,3,48,66,41,"Main plain@-585; Run@-221; SourceInitialized@-124; WM_SHOWWINDOW@-123; WM_ACTIVATE active@6; WM_NCPAINT@51; WM_ERASEBKGND@51; Loaded@54; WM_NCPAINT@58; WM_ERASEBKGND@58; ContentRendered@111; Foreground@112; WM_ACTIVATE inactive@1508"
"mica~6","FlashLab","mica",186,64,33,157,84,3,57,84,45,"Main mica@-673; Run@-269; SourceInitialized@-132; WM_SHOWWINDOW@-131; WM_ACTIVATE active@5; WM_NCPAINT@57; WM_ERASEBKGND@59; Loaded@63; WM_NCPAINT@69; WM_ERASEBKGND@69; ContentRendered@119; Foreground@119; WM_ACTIVATE inactive@1507"
"software~6","FlashLab","software",194,64,33,101,51,3,34,51,34,"Main software@-509; Run@-113; SourceInitialized@-2; WM_SHOWWINDOW@-1; WM_ACTIVATE active@5; WM_NCPAINT@49; WM_ERASEBKGND@49; Loaded@52; WM_NCPAINT@57; WM_ERASEBKGND@57; ContentRendered@99; Foreground@99; WM_ACTIVATE inactive@1506"
"nofade~6","FlashLab","nofade",202,64,33,255,25,6,25,61,17,"Main nofade@-644; Run@-242; SourceInitialized@-128; WM_SHOWWINDOW@-127; WM_ACTIVATE active@5; WM_NCPAINT@50; WM_ERASEBKGND@51; Loaded@54; WM_NCPAINT@59; WM_ERASEBKGND@61; ContentRendered@107; Foreground@107; WM_ACTIVATE inactive@1507"
"erase~6","FlashLab","erase",195,64,33,111,58,2,45,58,34,"Main erase@-625; Run@-238; SourceInitialized@-127; WM_SHOWWINDOW@-126; WM_ACTIVATE active@5; WM_NCPAINT@47; Loaded@53; WM_NCPAINT@58; ContentRendered@97; Foreground@97; WM_ACTIVATE inactive@1508"
"sync~6","FlashLab","sync",197,64,33,64,11,0,,,68,"Main sync@-612; Run@-226; SourceInitialized@-120; WM_SHOWWINDOW@-119; WM_ACTIVATE active@5; WM_NCPAINT@50; WM_ERASEBKGND@51; Loaded@53; WM_NCPAINT@57; WM_ERASEBKGND@57; Shown@57; SyncRendered@64; ContentRendered@111; Foreground@111; WM_ACTIVATE inactive@1505"
"noime~6","FlashLab","noime",199,64,33,77,47,1,47,47,47,"Main noime@-637; Run@-242; SourceInitialized@-122; WM_SHOWWINDOW@-122; WM_ACTIVATE active@5; WM_NCPAINT@35; WM_ERASEBKGND@35; Loaded@38; WM_NCPAINT@42; WM_ERASEBKGND@42; ContentRendered@58; Foreground@58; WM_ACTIVATE inactive@1506"
"cloak=loaded~6","FlashLab","cloak=loaded",196,64,33,255,76,1,76,76,76,"Main cloak=loaded@-652; Run@-252; SourceInitialized@-134; Cloaked@-133; WM_SHOWWINDOW@-132; WM_ACTIVATE active@6; WM_NCPAINT@59; WM_ERASEBKGND@60; Loaded@64; Uncloaked@64; WM_NCPAINT@69; WM_ERASEBKGND@69; ContentRendered@129; Foreground@129; WM_ACTIVATE inactive@1507"
"cloak=erase+erase~6","FlashLab","cloak=erase+erase",197,64,33,255,64,1,64,64,64,"Main cloak=erase+erase@-633; Run@-236; SourceInitialized@-123; Cloaked@-122; WM_SHOWWINDOW@-121; WM_ACTIVATE active@5; WM_NCPAINT@48; Uncloaked@50; Loaded@54; WM_NCPAINT@60; ContentRendered@119; Foreground@119; WM_ACTIVATE inactive@1508"
"cloak=tick~6","FlashLab","cloak=tick",193,64,33,64,59,0,,,70,"Main cloak=tick@-638; Run@-237; SourceInitialized@-123; Cloaked@-122; WM_SHOWWINDOW@-120; WM_ACTIVATE active@4; WM_NCPAINT@47; WM_ERASEBKGND@48; Loaded@51; FirstTick@52; Uncloaked@53; WM_NCPAINT@57; WM_ERASEBKGND@57; ContentRendered@65; Foreground@65; WM_ACTIVATE inactive@1506"
"cloak=opdone~6","FlashLab","cloak=opdone",194,64,33,64,72,0,,,82,"Main cloak=opdone@-648; Run@-251; SourceInitialized@-128; Cloaked@-127; WM_SHOWWINDOW@-125; WM_ACTIVATE active@5; WM_NCPAINT@52; WM_ERASEBKGND@53; Loaded@57; WM_NCPAINT@63; WM_ERASEBKGND@64; RenderOperationCompleted@71; Uncloaked@71; ContentRendered@96; Foreground@96; WM_ACTIVATE inactive@1505"
"cloak=cr+onshow~6","FlashLab","cloak=cr+onshow",200,64,33,97,44,1,44,44,38,"Main cloak=cr+onshow@-615; Run@-245; SourceInitialized@-127; WM_SHOWWINDOW@-126; WM_ACTIVATE active@5; WM_NCPAINT@49; WM_ERASEBKGND@50; CloakedOnShow@51; Loaded@54; WM_NCPAINT@59; WM_ERASEBKGND@61; ContentRendered@102; Foreground@102; Uncloaked@103; WM_ACTIVATE inactive@1506"
"cloak=cr+rgn~6","FlashLab","cloak=cr+rgn",195,64,33,64,54,0,,,121,"Main cloak=cr+rgn@-614; Run@-231; SourceInitialized@-124; EmptyRegion@-122; WM_SHOWWINDOW@-121; WM_ACTIVATE active@5; WM_NCPAINT@47; WM_ERASEBKGND@48; Loaded@51; ContentRendered@102; Foreground@102; WM_NCPAINT@104; WM_ERASEBKGND@109; RegionReset@112; WM_PAINT@113; WM_ACTIVATE inactive@1505"
"cloak=cr~6","FlashLab","cloak=cr",197,64,33,64,117,0,,,122,"Main cloak=cr@-650; Run@-251; SourceInitialized@-129; Cloaked@-128; WM_SHOWWINDOW@-126; WM_ACTIVATE active@5; WM_NCPAINT@53; WM_ERASEBKGND@54; Loaded@57; WM_NCPAINT@62; WM_ERASEBKGND@62; ContentRendered@113; Foreground@113; Uncloaked@113; WM_ACTIVATE inactive@1505"
"noactivate+cloak=cr~6","FlashLab","noactivate+cloak=cr",193,64,33,33,24,0,,,24,"Main noactivate+cloak=cr@-646; Run@-253; SourceInitialized@-133; Cloaked@-132; WM_SHOWWINDOW@-131; WM_NCPAINT@1; WM_ERASEBKGND@2; Loaded@6; WM_NCPAINT@10; WM_ERASEBKGND@10; ContentRendered@15; NotForeground@15; Uncloaked@15"
"noactivate+cloak=active~6","FlashLab","noactivate+cloak=active",199,64,33,64,15,0,,,15,"Main noactivate+cloak=active@-625; Run@-238; SourceInitialized@-124; Cloaked@-123; WM_SHOWWINDOW@-122; WM_NCPAINT@2; WM_ERASEBKGND@3; Loaded@7; NotActive@7; Uncloaked@7; WM_NCPAINT@10; WM_ERASEBKGND@10; ContentRendered@15; NotForeground@15"
"noactivate+cloak=showpos~6","FlashLab","noactivate+cloak=showpos",197,64,33,64,21,0,,,21,"Main noactivate+cloak=showpos@-649; Run@-249; SourceInitialized@-124; Cloaked@-123; WM_SHOWWINDOW@-122; WM_NCPAINT@6; WM_ERASEBKGND@7; ShownInactive@7; Uncloaked@8; Loaded@10; WM_NCPAINT@14; WM_ERASEBKGND@14; ContentRendered@21; NotForeground@21"
"software+cloak=cr+onactivate~6","FlashLab","software+cloak=cr+onactivate",196,64,33,64,12,0,,,121,"Main software+cloak=cr+onactivate@-502; Run@-116; SourceInitialized@-3; WM_SHOWWINDOW@-2; CloakedOnActivate@5; WM_ACTIVATE active@7; WM_NCPAINT@52; WM_ERASEBKGND@52; Loaded@55; WM_NCPAINT@59; WM_ERASEBKGND@60; ContentRendered@103; Foreground@103; Uncloaked@103; WM_ACTIVATE inactive@1507"
"mica+cloak=cr+onactivate~6","FlashLab","mica+cloak=cr+onactivate",195,64,33,64,116,0,,,122,"Main mica+cloak=cr+onactivate@-629; Run@-233; SourceInitialized@-121; WM_SHOWWINDOW@-120; CloakedOnActivate@5; WM_ACTIVATE active@6; WM_NCPAINT@51; WM_ERASEBKGND@51; Loaded@54; WM_NCPAINT@58; WM_ERASEBKGND@58; ContentRendered@110; Foreground@110; Uncloaked@111; WM_ACTIVATE inactive@1505"
"cloak=frames~6","FlashLab","cloak=frames",199,64,33,33,135,0,,,135,"Main cloak=frames@-663; Run@-250; SourceInitialized@-129; Cloaked@-128; WM_SHOWWINDOW@-127; WM_ACTIVATE active@5; WM_NCPAINT@50; WM_ERASEBKGND@51; Loaded@53; WM_NCPAINT@57; WM_ERASEBKGND@57; ContentRendered@95; Foreground@95; Rendering 1@95; Rendering 2@110; Rendering 3@125; Uncloaked@126; WM_ACTIVATE inactive@1504"
"cloak=complete+inval~6","FlashLab","cloak=complete+inval",196,64,33,64,114,0,,,120,"Main cloak=complete+inval@-634; Run@-246; SourceInitialized@-129; Cloaked@-128; WM_SHOWWINDOW@-127; WM_ACTIVATE active@5; WM_NCPAINT@52; WM_ERASEBKGND@52; Loaded@55; WM_NCPAINT@58; WM_ERASEBKGND@58; ContentRendered@109; Foreground@109; CompleteRender@109; Uncloaked@110; Invalidated@110; WM_PAINT@113; WM_ACTIVATE inactive@1506"
"cloak=late~6","FlashLab","cloak=late",198,64,33,64,413,0,,,417,"Main cloak=late@-634; Run@-240; SourceInitialized@-122; Cloaked@-121; WM_SHOWWINDOW@-120; WM_ACTIVATE active@6; WM_NCPAINT@51; WM_ERASEBKGND@52; Loaded@55; WM_NCPAINT@59; WM_ERASEBKGND@59; ContentRendered@99; Foreground@99; Uncloaked@411; WM_ACTIVATE inactive@1508"
"heavy~6","FlashLab","heavy",192,64,48,255,308,146,71,1019,71,"Main heavy@-631; Run@-242; SourceInitialized@-90; WM_SHOWWINDOW@-89; WM_ACTIVATE active@4; WM_NCPAINT@52; WM_ERASEBKGND@53; Loaded@56; WM_NCPAINT@82; WM_ERASEBKGND@82; ContentRendered@127; Foreground@127; WM_ACTIVATE inactive@1508"
"cloak=cr+onactivate+heavy~6","FlashLab","cloak=cr+onactivate+heavy",199,33,48,255,129,131,129,968,129,"Main cloak=cr+onactivate+heavy@-653; Run@-257; SourceInitialized@-99; WM_SHOWWINDOW@-98; CloakedOnActivate@5; WM_ACTIVATE active@6; WM_NCPAINT@49; WM_ERASEBKGND@50; Loaded@53; WM_NCPAINT@79; WM_ERASEBKGND@79; ContentRendered@121; Foreground@121; Uncloaked@122; WM_ACTIVATE inactive@1510"
"reshow~6","FlashLab","reshow",137,64,33,145,69,3,50,69,35,"Main reshow@-727; Run@-332; SourceInitialized@-217; WM_SHOWWINDOW@-216; WM_ACTIVATE active@4; WM_NCPAINT@49; WM_ERASEBKGND@49; Loaded@53; WM_NCPAINT@57; WM_ERASEBKGND@58; ContentRendered@109; Foreground@109; WM_SHOWWINDOW@718; WM_ACTIVATE inactive@723; Hidden@727; WM_ACTIVATE active@1337; ShownAgain@1344; WM_PAINT@1346; WM_ACTIVATE inactive@1507"
