label,target,args,frames,behind,final,peak,peak_ms,flash_frames,flash_from_ms,flash_to_ms,shown_ms,covered_frames,dark_flash_frames,darkest,events
"winui+fix+post~1","WinUiFlashLab","fix+post",285,64,33,33,46,0,,,46,0,0,33,"Main fix+post@-548; Launched@-254; WindowCreated@-87; CloakAttached@-54; Loaded@-23; Rendering 1@-20; Rendered 1@-9; NotForeground@-9; Rendering 2@-4; Rendered 2@-4; Activate@-2; WM_SHOWWINDOW@-1; WM_NCACTIVATE active@5; WM_ACTIVATE active@6; WM_NCPAINT@18; WM_ERASEBKGND@19; WindowPosShow@20; WM_PAINT@21; Activated@21; Rendering 3@22; Rendered 3@22; WM_ERASEBKGND@1510; WM_NCACTIVATE inactive@1516; WM_ACTIVATE inactive@1519"
"winui+fix+post+noactivate~1","WinUiFlashLab","fix+post+noactivate",283,64,33,33,44,0,,,44,0,0,33,"Main fix+post+noactivate@-315; Launched@-177; WindowCreated@-89; CloakAttached@-61; Loaded@-18; Rendering 1@-16; Rendered 1@-4; NotForeground@-4; Rendering 2@-2; Rendered 2@-2; Show@-2; WM_SHOWWINDOW@-0; WM_NCPAINT@2; WM_ERASEBKGND@3; WindowPosShow@5; Shown@5; WM_PAINT@6; Rendering 3@12; Rendered 3@12; WM_ERASEBKGND@1504"
"winui+fix+post+nofade~1","WinUiFlashLab","fix+post+nofade",286,64,33,33,37,0,,,37,0,0,33,"Main fix+post+nofade@-317; Launched@-189; WindowCreated@-136; CloakAttached@-110; Loaded@-23; Rendering 1@-21; Rendered 1@-16; NotForeground@-15; Rendering 2@-14; Rendered 2@-14; Activate@-14; WM_SHOWWINDOW@-12; WM_NCACTIVATE active@-8; WM_ACTIVATE active@-7; WM_NCPAINT@4; WM_ERASEBKGND@4; WindowPosShow@5; WM_PAINT@6; Activated@6; Rendering 3@7; Rendered 3@7; WM_ERASEBKGND@1504; WM_NCACTIVATE inactive@1509; WM_ACTIVATE inactive@1510"
"winui+fix+post+heavy~1","WinUiFlashLab","fix+post+heavy",285,64,37,64,80,0,,,88,0,0,37,"Main fix+post+heavy@-844; Launched@-721; WindowCreated@-674; CloakAttached@-527; Loaded@-486; Rendering 1@-484; Rendered 1@-8; NotForeground@-8; Rendering 2@-6; Rendered 2@-3; Activate@-2; WM_SHOWWINDOW@-0; WM_NCACTIVATE active@5; WM_ACTIVATE active@7; WM_NCPAINT@20; WM_ERASEBKGND@20; WindowPosShow@21; WM_PAINT@21; Activated@22; Rendering 3@24; Rendered 3@25; WM_ERASEBKGND@1532; WM_NCACTIVATE inactive@1537; WM_ACTIVATE inactive@1540"
"winui+fix+post~2","WinUiFlashLab","fix+post",284,64,33,64,45,0,,,50,0,0,33,"Main fix+post@-310; Launched@-183; WindowCreated@-134; CloakAttached@-104; Loaded@-12; Rendering 1@-10; Rendered 1@-4; NotForeground@-4; Rendering 2@-2; Rendered 2@-2; Activate@-2; WM_SHOWWINDOW@-0; WM_NCACTIVATE active@4; WM_ACTIVATE active@6; WM_NCPAINT@16; WM_ERASEBKGND@17; WindowPosShow@17; WM_PAINT@18; Activated@19; Rendering 3@21; Rendered 3@21; WM_ERASEBKGND@1505; WM_NCACTIVATE inactive@1509; WM_ACTIVATE inactive@1512"
"winui+fix+post+noactivate~2","WinUiFlashLab","fix+post+noactivate",283,64,33,33,47,0,,,47,0,0,33,"Main fix+post+noactivate@-275; Launched@-149; WindowCreated@-106; CloakAttached@-79; Loaded@-14; Rendering 1@-11; Rendered 1@-5; NotForeground@-4; Rendering 2@-2; Rendered 2@-2; Show@-1; WM_SHOWWINDOW@-0; WM_NCPAINT@2; WM_ERASEBKGND@2; WindowPosShow@4; Shown@5; WM_PAINT@6; Rendering 3@8; Rendered 3@9; WM_ERASEBKGND@1504"
"winui+fix+post+nofade~2","WinUiFlashLab","fix+post+nofade",283,64,33,33,52,0,,,52,0,0,33,"Main fix+post+nofade@-308; Launched@-181; WindowCreated@-111; CloakAttached@-80; Loaded@-23; Rendering 1@-20; Rendered 1@-13; NotForeground@-13; Rendering 2@-4; Rendered 2@-4; Activate@-3; WM_SHOWWINDOW@-1; WM_NCACTIVATE active@6; WM_ACTIVATE active@7; WM_NCPAINT@20; WM_ERASEBKGND@20; WindowPosShow@21; WM_PAINT@23; Activated@24; Rendering 3@25; Rendered 3@25; WM_ERASEBKGND@1506; WM_NCACTIVATE inactive@1511; WM_ACTIVATE inactive@1511"
"winui+fix+post+heavy~2","WinUiFlashLab","fix+post+heavy",285,64,37,64,80,0,,,85,0,0,37,"Main fix+post+heavy@-790; Launched@-665; WindowCreated@-616; CloakAttached@-452; Loaded@-414; Rendering 1@-412; Rendered 1@-9; NotForeground@-8; Rendering 2@-7; Rendered 2@-2; Activate@-1; WM_SHOWWINDOW@-0; WM_NCACTIVATE active@5; WM_ACTIVATE active@6; WM_NCPAINT@20; WM_ERASEBKGND@20; WindowPosShow@20; WM_PAINT@21; Activated@21; Rendering 3@23; Rendered 3@24; WM_ERASEBKGND@1532; WM_NCACTIVATE inactive@1537; WM_ACTIVATE inactive@1540"
"winui+fix+post~3","WinUiFlashLab","fix+post",281,64,33,33,82,0,,,82,0,0,33,"Main fix+post@-327; Launched@-154; WindowCreated@-94; CloakAttached@-70; Loaded@-23; Rendering 1@-21; Rendered 1@-6; NotForeground@-6; Rendering 2@-2; Rendered 2@-2; Activate@-1; WM_SHOWWINDOW@-0; WM_NCACTIVATE active@20; WM_ACTIVATE active@22; WM_NCPAINT@33; WM_ERASEBKGND@33; WindowPosShow@34; WM_PAINT@34; Activated@35; Rendering 3@38; Rendered 3@38; WM_ERASEBKGND@1507; WM_NCACTIVATE inactive@1512; WM_ACTIVATE inactive@1515"
"winui+fix+post+noactivate~3","WinUiFlashLab","fix+post+noactivate",285,64,33,64,32,0,,,37,0,0,33,"Main fix+post+noactivate@-287; Launched@-160; WindowCreated@-116; CloakAttached@-89; Loaded@-16; Rendering 1@-14; Rendered 1@-8; NotForeground@-7; Rendering 2@-3; Rendered 2@-3; Show@-2; WM_SHOWWINDOW@-0; WM_NCPAINT@1; WM_ERASEBKGND@2; WindowPosShow@3; Shown@4; WM_PAINT@5; Rendering 3@7; Rendered 3@7; WM_ERASEBKGND@1504"
"winui+fix+post+nofade~3","WinUiFlashLab","fix+post+nofade",282,64,33,64,27,0,,,34,0,0,33,"Main fix+post+nofade@-317; Launched@-187; WindowCreated@-146; CloakAttached@-119; Loaded@-40; Rendering 1@-38; Rendered 1@-32; NotForeground@-31; Rendering 2@-27; Rendered 2@-27; Activate@-26; WM_SHOWWINDOW@-24; WM_NCACTIVATE active@-20; WM_ACTIVATE active@-18; WM_NCPAINT@-7; WM_ERASEBKGND@-7; WindowPosShow@-6; WM_PAINT@-6; Activated@-6; Rendering 3@-5; Rendered 3@-5; WM_ERASEBKGND@1504; WM_NCACTIVATE inactive@1510; WM_ACTIVATE inactive@1511"
"winui+fix+post+heavy~3","WinUiFlashLab","fix+post+heavy",284,64,37,64,80,0,,,87,0,0,37,"Main fix+post+heavy@-760; Launched@-633; WindowCreated@-584; CloakAttached@-457; Loaded@-414; Rendering 1@-412; Rendered 1@-11; NotForeground@-10; Rendering 2@-7; Rendered 2@-3; Activate@-2; WM_SHOWWINDOW@-0; WM_NCACTIVATE active@5; WM_ACTIVATE active@6; WM_NCPAINT@20; WM_ERASEBKGND@21; WindowPosShow@21; WM_PAINT@22; Activated@22; Rendering 3@25; Rendered 3@25; WM_ERASEBKGND@1532; WM_NCACTIVATE inactive@1537; WM_ACTIVATE inactive@1540"
"winui+fix+post~4","WinUiFlashLab","fix+post",280,64,33,33,53,0,,,53,0,0,33,"Main fix+post@-561; Launched@-426; WindowCreated@-358; CloakAttached@-327; Loaded@-21; Rendering 1@-19; Rendered 1@-11; NotForeground@-11; Rendering 2@-5; Rendered 2@-5; Activate@-5; WM_SHOWWINDOW@-3; WM_NCACTIVATE active@5; WM_ACTIVATE active@7; WM_NCPAINT@20; WM_ERASEBKGND@20; WindowPosShow@21; WM_PAINT@23; Activated@23; Rendering 3@25; Rendered 3@25; WM_ERASEBKGND@1506; WM_NCACTIVATE inactive@1510; WM_ACTIVATE inactive@1513"
"winui+fix+post+noactivate~4","WinUiFlashLab","fix+post+noactivate",286,64,33,33,26,0,,,26,0,0,33,"Main fix+post+noactivate@-304; Launched@-177; WindowCreated@-124; CloakAttached@-99; Loaded@-29; Rendering 1@-26; Rendered 1@-22; NotForeground@-22; Rendering 2@-20; Rendered 2@-20; Show@-19; WM_SHOWWINDOW@-18; WM_NCPAINT@-17; WM_ERASEBKGND@-16; WindowPosShow@-14; Shown@-14; WM_PAINT@-13; Rendering 3@-12; Rendered 3@-12; WM_ERASEBKGND@1505"
"winui+fix+post+nofade~4","WinUiFlashLab","fix+post+nofade",284,64,33,33,62,0,,,62,0,0,33,"Main fix+post+nofade@-285; Launched@-160; WindowCreated@-103; CloakAttached@-78; Loaded@-14; Rendering 1@-12; Rendered 1@-6; NotForeground@-6; Rendering 2@-3; Rendered 2@-2; Activate@-1; WM_SHOWWINDOW@-0; WM_NCACTIVATE active@16; WM_ACTIVATE active@17; WM_NCPAINT@29; WM_ERASEBKGND@30; WindowPosShow@30; WM_PAINT@31; Activated@31; Rendering 3@32; Rendered 3@32; WM_ERASEBKGND@1504; WM_NCACTIVATE inactive@1510; WM_ACTIVATE inactive@1511"
"winui+fix+post+heavy~4","WinUiFlashLab","fix+post+heavy",284,64,37,64,80,0,,,89,0,0,37,"Main fix+post+heavy@-784; Launched@-656; WindowCreated@-614; CloakAttached@-464; Loaded@-416; Rendering 1@-414; Rendered 1@-9; NotForeground@-9; Rendering 2@-5; Rendered 2@-3; Activate@-1; WM_SHOWWINDOW@-0; WM_NCACTIVATE active@6; WM_ACTIVATE active@7; WM_NCPAINT@19; WM_ERASEBKGND@20; WindowPosShow@20; WM_PAINT@21; Activated@22; Rendering 3@24; Rendered 3@26; WM_ERASEBKGND@1535; WM_NCACTIVATE inactive@1540; WM_ACTIVATE inactive@1544"
"winui+fix+post~5","WinUiFlashLab","fix+post",281,64,33,33,46,0,,,46,0,0,33,"Main fix+post@-300; Launched@-166; WindowCreated@-112; CloakAttached@-88; Loaded@-14; Rendering 1@-12; Rendered 1@-6; NotForeground@-5; Rendering 2@-2; Rendered 2@-2; Activate@-1; WM_SHOWWINDOW@-0; WM_NCACTIVATE active@4; WM_ACTIVATE active@6; WM_NCPAINT@16; WM_ERASEBKGND@17; WindowPosShow@17; WM_PAINT@18; Activated@18; Rendering 3@18; Rendered 3@18; WM_ERASEBKGND@1504; WM_NCACTIVATE inactive@1508; WM_ACTIVATE inactive@1511"
"winui+fix+post+noactivate~5","WinUiFlashLab","fix+post+noactivate",284,64,33,33,52,0,,,52,0,0,33,"Main fix+post+noactivate@-293; Launched@-167; WindowCreated@-115; CloakAttached@-92; Loaded@-14; Rendering 1@-12; Rendered 1@-5; NotForeground@-4; Rendering 2@-3; Rendered 2@-3; Show@-2; WM_SHOWWINDOW@-0; WM_NCPAINT@2; WM_ERASEBKGND@2; WindowPosShow@3; Shown@4; WM_PAINT@5; Rendering 3@8; Rendered 3@8; WM_ERASEBKGND@1506"
"winui+fix+post+nofade~5","WinUiFlashLab","fix+post+nofade",284,64,33,64,57,0,,,62,0,0,33,"Main fix+post+nofade@-285; Launched@-155; WindowCreated@-114; CloakAttached@-87; Loaded@-13; Rendering 1@-11; Rendered 1@-5; NotForeground@-5; Rendering 2@-2; Rendered 2@-2; Activate@-2; WM_SHOWWINDOW@-0; WM_NCACTIVATE active@8; WM_ACTIVATE active@9; WM_NCPAINT@21; WM_ERASEBKGND@22; WindowPosShow@22; WM_PAINT@24; Activated@24; Rendering 3@27; Rendered 3@27; WM_ERASEBKGND@1505; WM_NCACTIVATE inactive@1509; WM_ACTIVATE inactive@1510"
"winui+fix+post+heavy~5","WinUiFlashLab","fix+post+heavy",285,64,37,64,74,0,,,82,0,0,37,"Main fix+post+heavy@-743; Launched@-612; WindowCreated@-569; CloakAttached@-443; Loaded@-405; Rendering 1@-403; Rendered 1@-9; NotForeground@-9; Rendering 2@-5; Rendered 2@-3; Activate@-2; WM_SHOWWINDOW@-0; WM_NCACTIVATE active@5; WM_ACTIVATE active@6; WM_NCPAINT@19; WM_ERASEBKGND@19; WindowPosShow@20; WM_PAINT@23; Activated@23; Rendering 3@25; Rendered 3@26; WM_ERASEBKGND@1536; WM_NCACTIVATE inactive@1541; WM_ACTIVATE inactive@1543"
"winui+fix+post~6","WinUiFlashLab","fix+post",283,64,33,33,35,0,,,35,0,0,33,"Main fix+post@-302; Launched@-174; WindowCreated@-134; CloakAttached@-109; Loaded@-33; Rendering 1@-31; Rendered 1@-23; NotForeground@-23; Rendering 2@-21; Rendered 2@-21; Activate@-20; WM_SHOWWINDOW@-19; WM_NCACTIVATE active@-14; WM_ACTIVATE active@-12; WM_NCPAINT@-2; WM_ERASEBKGND@-1; WindowPosShow@-1; WM_PAINT@1; Activated@2; Rendering 3@3; Rendered 3@3; WM_ERASEBKGND@1504; WM_NCACTIVATE inactive@1509; WM_ACTIVATE inactive@1512"
"winui+fix+post+noactivate~6","WinUiFlashLab","fix+post+noactivate",278,64,33,33,32,0,,,32,0,0,33,"Main fix+post+noactivate@-304; Launched@-170; WindowCreated@-115; CloakAttached@-87; Loaded@-15; Rendering 1@-13; Rendered 1@-6; NotForeground@-6; Rendering 2@-3; Rendered 2@-2; Show@-2; WM_SHOWWINDOW@-0; WM_NCPAINT@2; WM_ERASEBKGND@2; WindowPosShow@3; Shown@5; WM_PAINT@5; Rendering 3@7; Rendered 3@7; WM_ERASEBKGND@1504"
"winui+fix+post+nofade~6","WinUiFlashLab","fix+post+nofade",283,64,33,33,66,0,,,66,0,0,33,"Main fix+post+nofade@-429; Launched@-303; WindowCreated@-251; CloakAttached@-227; Loaded@-14; Rendering 1@-11; Rendered 1@-4; NotForeground@-4; Rendering 2@-2; Rendered 2@-2; Activate@-1; WM_SHOWWINDOW@-0; WM_NCACTIVATE active@13; WM_ACTIVATE active@15; WM_NCPAINT@28; WM_ERASEBKGND@29; WindowPosShow@30; WM_PAINT@31; Activated@31; Rendering 3@32; Rendered 3@32; WM_ERASEBKGND@1505; WM_NCACTIVATE inactive@1509; WM_ACTIVATE inactive@1510"
"winui+fix+post+heavy~6","WinUiFlashLab","fix+post+heavy",286,64,37,64,74,0,,,79,0,0,37,"Main fix+post+heavy@-760; Launched@-634; WindowCreated@-591; CloakAttached@-443; Loaded@-398; Rendering 1@-396; Rendered 1@-4; NotForeground@-4; Rendering 2@-2; Rendered 2@-2; Activate@-2; WM_SHOWWINDOW@-0; WM_NCACTIVATE active@5; WM_ACTIVATE active@6; WM_NCPAINT@19; WM_ERASEBKGND@19; WindowPosShow@20; WM_PAINT@21; Activated@21; Rendering 3@22; Rendered 3@22; WM_ERASEBKGND@1536; WM_NCACTIVATE inactive@1541; WM_ACTIVATE inactive@1544"
"winui+fix+post~7","WinUiFlashLab","fix+post",285,64,33,33,64,0,,,64,0,0,33,"Main fix+post@-298; Launched@-170; WindowCreated@-125; CloakAttached@-100; Loaded@-16; Rendering 1@-13; Rendered 1@-6; NotForeground@-6; Rendering 2@-2; Rendered 2@-2; Activate@-2; WM_SHOWWINDOW@-0; WM_NCACTIVATE active@4; WM_ACTIVATE active@6; WM_NCPAINT@23; WM_ERASEBKGND@24; WindowPosShow@25; WM_PAINT@27; Activated@28; Rendering 3@30; Rendered 3@30; WM_ERASEBKGND@1506; WM_NCACTIVATE inactive@1512; WM_ACTIVATE inactive@1515"
"winui+fix+post+noactivate~7","WinUiFlashLab","fix+post+noactivate",284,64,33,64,41,0,,,48,0,0,33,"Main fix+post+noactivate@-284; Launched@-165; WindowCreated@-109; CloakAttached@-83; Loaded@-12; Rendering 1@-9; Rendered 1@-4; NotForeground@-4; Rendering 2@-2; Rendered 2@-2; Show@-2; WM_SHOWWINDOW@-0; WM_NCPAINT@5; WM_ERASEBKGND@6; WindowPosShow@6; Shown@7; WM_PAINT@9; Rendering 3@11; Rendered 3@12; WM_ERASEBKGND@1504"
"winui+fix+post+nofade~7","WinUiFlashLab","fix+post+nofade",282,64,33,33,62,0,,,62,0,0,33,"Main fix+post+nofade@-295; Launched@-169; WindowCreated@-116; CloakAttached@-92; Loaded@-21; Rendering 1@-19; Rendered 1@-5; NotForeground@-5; Rendering 2@-2; Rendered 2@-2; Activate@-1; WM_SHOWWINDOW@-0; WM_NCACTIVATE active@3; WM_ACTIVATE active@5; WM_NCPAINT@16; WM_ERASEBKGND@17; WindowPosShow@17; WM_PAINT@18; Activated@19; Rendering 3@21; Rendered 3@21; WM_ERASEBKGND@1504; WM_NCACTIVATE inactive@1509; WM_ACTIVATE inactive@1510"
"winui+fix+post+heavy~7","WinUiFlashLab","fix+post+heavy",284,64,37,64,79,0,,,87,0,0,37,"Main fix+post+heavy@-743; Launched@-619; WindowCreated@-574; CloakAttached@-443; Loaded@-404; Rendering 1@-402; Rendered 1@-9; NotForeground@-9; Rendering 2@-8; Rendered 2@-4; Rendering 3@-2; Activate@-2; WM_SHOWWINDOW@-0; WM_NCACTIVATE active@5; WM_ACTIVATE active@6; WM_NCPAINT@19; WM_ERASEBKGND@19; WindowPosShow@20; WM_PAINT@20; Activated@21; Rendered 3@24; WM_ERASEBKGND@1534; WM_NCACTIVATE inactive@1540; WM_ACTIVATE inactive@1541"
"winui+fix+post~8","WinUiFlashLab","fix+post",284,64,33,33,46,0,,,46,0,0,33,"Main fix+post@-326; Launched@-193; WindowCreated@-137; CloakAttached@-109; Loaded@-29; Rendering 1@-26; Rendered 1@-8; NotForeground@-8; Rendering 2@-4; Rendered 2@-4; Activate@-1; WM_SHOWWINDOW@-0; WM_NCACTIVATE active@5; WM_ACTIVATE active@6; WM_NCPAINT@17; WM_ERASEBKGND@17; WindowPosShow@18; WM_PAINT@19; Activated@20; Rendering 3@21; Rendered 3@21; WM_ERASEBKGND@1505; WM_NCACTIVATE inactive@1509; WM_ACTIVATE inactive@1510"
"winui+fix+post+noactivate~8","WinUiFlashLab","fix+post+noactivate",280,64,33,64,31,0,,,37,0,0,33,"Main fix+post+noactivate@-461; Launched@-321; WindowCreated@-266; CloakAttached@-243; Loaded@-14; Rendering 1@-12; Rendered 1@-4; NotForeground@-4; Rendering 2@-2; Rendered 2@-2; Show@-2; WM_SHOWWINDOW@-0; WM_NCPAINT@2; WM_ERASEBKGND@2; WindowPosShow@4; Shown@5; WM_PAINT@5; Rendering 3@8; Rendered 3@8; WM_ERASEBKGND@1504"
"winui+fix+post+nofade~8","WinUiFlashLab","fix+post+nofade",285,64,33,33,59,0,,,59,0,0,33,"Main fix+post+nofade@-290; Launched@-163; WindowCreated@-123; CloakAttached@-95; Loaded@-15; Rendering 1@-13; Rendered 1@-8; NotForeground@-8; Rendering 2@-5; Rendered 2@-5; Activate@-2; WM_SHOWWINDOW@-0; WM_NCACTIVATE active@10; WM_ACTIVATE active@11; WM_NCPAINT@24; WM_ERASEBKGND@24; WindowPosShow@25; WM_PAINT@26; Activated@26; Rendering 3@27; Rendered 3@28; WM_ERASEBKGND@1505; WM_NCACTIVATE inactive@1509; WM_ACTIVATE inactive@1510"
"winui+fix+post+heavy~8","WinUiFlashLab","fix+post+heavy",285,64,37,64,84,0,,,89,0,0,37,"Main fix+post+heavy@-753; Launched@-631; WindowCreated@-581; CloakAttached@-431; Loaded@-394; Rendering 1@-392; Rendered 1@-5; NotForeground@-4; Rendering 2@-2; Rendered 2@-2; Activate@-1; WM_SHOWWINDOW@-0; WM_NCACTIVATE active@4; WM_ACTIVATE active@6; WM_NCPAINT@19; WM_ERASEBKGND@19; WindowPosShow@20; WM_PAINT@21; Activated@21; Rendering 3@22; Rendered 3@22; WM_ERASEBKGND@1534; WM_NCACTIVATE inactive@1541; WM_ACTIVATE inactive@1543"
